T8_RUN id=20260924T203307Z-34202 device=emulator-5554 abi=arm64-v8a schedule=ASR/BOTH/BOTH/ASR/ASR/BOTH cadence_ms=160
PROBE path=/Users/ulliemaillot/.codex/worktrees/dictai-meeting-mode/phone-whisper/.native-cache/meeting/build/android-arm64/bin/meeting_probe bytes=49703208 sha256=09e3605ba64999be95990cd2ef80bc6455cb8b199407e9f2dff7c5a0b276b34c
ASR_MODEL path=/Users/ulliemaillot/.codex/worktrees/dictai-meeting-mode/phone-whisper/.native-cache/meeting/models/nemotron-3.5-asr-streaming-0.6b.q8_0.gguf bytes=741548352 sha256=a5c435f294eea8f88ce68dd27b8c3bfea7f777cb2fbba04fcd30eaa555f429ae
DIAR_MODEL path=/Users/ulliemaillot/.codex/worktrees/dictai-meeting-mode/phone-whisper/.native-cache/meeting/models/Nemotron-3-Diarization.q8_0.gguf bytes=107012128 sha256=08456d9e22cd9a323c0364d98375f3746d6e68507ebb705cd46438c534c7a3a1
AUDIO path=/Users/ulliemaillot/.codex/worktrees/dictai-meeting-mode/phone-whisper/app/src/androidTest/assets/meeting/synthetic-fr-ABCA-16k-mono.wav bytes=409046 sha256=196439ff592c6e6a794c1914804dd996c428f378ab7dd0ff372bfb55baa521d9
SOURCE_SHA meeting_probe.cpp=33cf2e0271f41af025453ebf5b600ea940e875cb1209c4d8f9d4954264e2df86
SOURCE_SHA pass_helper=148c2b0c41ada2e4b3d3eba61091d4b087d5ca3b8afbec0cc30a96f9b2d21aa6
SOURCE_SHA analyzer=5c4b16b891b11913b61589c3e94d9d42e20d6b9cfa977f74f0e9ea447bb83422
COEXIST_MANIFEST path=/Users/ulliemaillot/.codex/worktrees/dictai-meeting-mode/phone-whisper/scripts/native/meeting-existing-runtime.manifest rows=9
libggml-base.so 1099008 28fb26bbcd77b709989cbd9300c882031d61a16cdcace2d58e3aa399ac10a9e2
libggml-cpu.so 743104 f6d0c48bca18f4138bd5d232a0ac3504f96abeaa22c5598014729db1d3fd22d5
libggml.so 120240 a041d176dfb8129a200bd6eb1cef9403481b8f31901c1db70bcb4b8ac923399b
libonnxruntime.so 21688920 994848008526a934dfb579ac773b00e5867929234852b061005d45aacaee9533
libsherpa-onnx-c-api.so 4406888 d8b54c7814aaaaaf014793323a06d5a0578614f36ef7321fab7f394e9bba0eab
libsherpa-onnx-cxx-api.so 440272 5c55b5fc02057565fe90f26c2f9ace67b7a6676a56d2dcac51fd7c004abe5d0c
libsherpa-onnx-jni.so 4710728 a79ff75fbe1c3813cc239037b458a7828298a90a5b77f5314056508eefdf72bc
libtranscribe.so 2064808 e7878a83c00e70a11ac8bc05d6ba43685fb0edea865dcdd81f52e79442a5c4e4
libtranscribe_jni.so 451496 32e543d9f18ad3bcae32ab83622fc45f83589e9433960bc1a650007ea5d1954e
MEASUREMENT_SCOPE native probe process only; no APK/JNI/UI/Poco inference
PSS sampling cadence=250ms; PSS and RSS separate; overhead=proc scans plus adb stream
HOST_PASS_BEGIN pass=1 variant=asr command=adb -s emulator-5554 shell sh /data/local/tmp/dictai-meeting-t8/20260924T203307Z-34202/meeting-benchmark-pass-remote.sh 1 asr /data/local/tmp/dictai-meeting-t8/20260924T203307Z-34202
PSS_SAMPLING_BEGIN pass=1 interval_ms=250 source=proc-smaps_rollup+status overhead=proc_scan_and_adb_stream
PSS_SAMPLE pass=1 sample=0 mono_ms=7973560 pss_kb=8169 rss_kb=12544
PSS_SAMPLE pass=1 sample=1 mono_ms=7973810 pss_kb=57876 rss_kb=88532
PSS_SAMPLE pass=1 sample=2 mono_ms=7974060 pss_kb=105068 rss_kb=132268
PSS_SAMPLE pass=1 sample=3 mono_ms=7974310 pss_kb=176952 rss_kb=204460
PSS_SAMPLE pass=1 sample=4 mono_ms=7974580 pss_kb=290048 rss_kb=320428
PSS_SAMPLE pass=1 sample=5 mono_ms=7974810 pss_kb=411284 rss_kb=442668
PSS_SAMPLE pass=1 sample=6 mono_ms=7975070 pss_kb=489840 rss_kb=521388
PSS_SAMPLE pass=1 sample=7 mono_ms=7975350 pss_kb=533492 rss_kb=560556
PSS_SAMPLE pass=1 sample=8 mono_ms=7975580 pss_kb=577120 rss_kb=605484
PSS_SAMPLE pass=1 sample=9 mono_ms=7975820 pss_kb=601248 rss_kb=631468
PSS_SAMPLE pass=1 sample=10 mono_ms=7976090 pss_kb=625140 rss_kb=652332
PSS_SAMPLE pass=1 sample=11 mono_ms=7976320 pss_kb=664424 rss_kb=691372
PSS_SAMPLE pass=1 sample=12 mono_ms=7976560 pss_kb=704784 rss_kb=733484
PSS_SAMPLE pass=1 sample=13 mono_ms=7976830 pss_kb=729884 rss_kb=756780
PSS_SAMPLE pass=1 sample=14 mono_ms=7977080 pss_kb=779959 rss_kb=808492
PSS_SAMPLE pass=1 sample=15 mono_ms=7977320 pss_kb=837886 rss_kb=867244
PSS_SAMPLE pass=1 sample=16 mono_ms=7977550 pss_kb=946002 rss_kb=975916
PSS_SAMPLE pass=1 sample=17 mono_ms=7977800 pss_kb=952126 rss_kb=977904
PSS_SAMPLE pass=1 sample=18 mono_ms=7978080 pss_kb=962298 rss_kb=990320
PSS_SAMPLE pass=1 sample=19 mono_ms=7978310 pss_kb=965426 rss_kb=990960
PSS_SAMPLE pass=1 sample=20 mono_ms=7978550 pss_kb=965426 rss_kb=990960
PSS_SAMPLE pass=1 sample=21 mono_ms=7978810 pss_kb=965426 rss_kb=990960
PSS_SAMPLE pass=1 sample=22 mono_ms=7979060 pss_kb=965426 rss_kb=990960
PSS_SAMPLE pass=1 sample=23 mono_ms=7979300 pss_kb=965426 rss_kb=990960
PSS_SAMPLE pass=1 sample=24 mono_ms=7979550 pss_kb=965402 rss_kb=990960
PSS_SAMPLE pass=1 sample=25 mono_ms=7979830 pss_kb=965490 rss_kb=990960
PSS_SAMPLE pass=1 sample=26 mono_ms=7980060 pss_kb=965470 rss_kb=990960
PSS_SAMPLE pass=1 sample=27 mono_ms=7980310 pss_kb=965494 rss_kb=990960
PSS_SAMPLE pass=1 sample=28 mono_ms=7980560 pss_kb=965814 rss_kb=991216
PSS_SAMPLE pass=1 sample=29 mono_ms=7980810 pss_kb=965838 rss_kb=991216
PSS_SAMPLE pass=1 sample=30 mono_ms=7981060 pss_kb=965814 rss_kb=991216
PSS_SAMPLE pass=1 sample=31 mono_ms=7981300 pss_kb=965838 rss_kb=991216
PSS_SAMPLE pass=1 sample=32 mono_ms=7981560 pss_kb=965838 rss_kb=991216
PSS_SAMPLE pass=1 sample=33 mono_ms=7981810 pss_kb=965814 rss_kb=991216
PSS_SAMPLE pass=1 sample=34 mono_ms=7982070 pss_kb=965838 rss_kb=991216
PSS_SAMPLE pass=1 sample=35 mono_ms=7982310 pss_kb=965814 rss_kb=991216
PSS_SAMPLE pass=1 sample=36 mono_ms=7982560 pss_kb=965838 rss_kb=991216
PSS_SAMPLE pass=1 sample=37 mono_ms=7982800 pss_kb=965814 rss_kb=991216
PSS_SAMPLE pass=1 sample=38 mono_ms=7983050 pss_kb=965838 rss_kb=991216
PSS_SAMPLE pass=1 sample=39 mono_ms=7983300 pss_kb=965814 rss_kb=991216
PSS_SAMPLE pass=1 sample=40 mono_ms=7983550 pss_kb=965814 rss_kb=991216
PSS_SAMPLE pass=1 sample=41 mono_ms=7983820 pss_kb=965838 rss_kb=991216
PSS_SAMPLE pass=1 sample=42 mono_ms=7984060 pss_kb=965814 rss_kb=991216
PSS_SAMPLE pass=1 sample=43 mono_ms=7984310 pss_kb=965838 rss_kb=991344
PSS_SAMPLE pass=1 sample=44 mono_ms=7984560 pss_kb=965814 rss_kb=991344
PSS_SAMPLE pass=1 sample=45 mono_ms=7984810 pss_kb=965838 rss_kb=991344
PSS_SAMPLE pass=1 sample=46 mono_ms=7985060 pss_kb=965814 rss_kb=991344
PSS_SAMPLE pass=1 sample=47 mono_ms=7985330 pss_kb=965838 rss_kb=991472
PSS_SAMPLE pass=1 sample=48 mono_ms=7985560 pss_kb=965838 rss_kb=991472
PSS_SAMPLE pass=1 sample=49 mono_ms=7985810 pss_kb=965814 rss_kb=991472
PSS_SAMPLE pass=1 sample=50 mono_ms=7986060 pss_kb=965838 rss_kb=991472
PSS_SAMPLE pass=1 sample=51 mono_ms=7986300 pss_kb=965818 rss_kb=991472
PSS_SAMPLE pass=1 sample=52 mono_ms=7986570 pss_kb=965842 rss_kb=991472
PSS_SAMPLE pass=1 sample=53 mono_ms=7986800 pss_kb=965818 rss_kb=991472
PSS_SAMPLE pass=1 sample=54 mono_ms=7987050 pss_kb=965818 rss_kb=991472
PSS_SAMPLE pass=1 sample=55 mono_ms=7987310 pss_kb=965818 rss_kb=991472
PSS_SAMPLE pass=1 sample=56 mono_ms=7987550 pss_kb=965818 rss_kb=991472
PSS_SAMPLE pass=1 sample=57 mono_ms=7987820 pss_kb=965842 rss_kb=991472
PSS_SAMPLE pass=1 sample=58 mono_ms=7988060 pss_kb=965818 rss_kb=991472
PSS_SAMPLE pass=1 sample=59 mono_ms=7988310 pss_kb=965842 rss_kb=991472
PSS_SAMPLE pass=1 sample=60 mono_ms=7988550 pss_kb=965818 rss_kb=991472
PSS_SAMPLE pass=1 sample=61 mono_ms=7988810 pss_kb=965842 rss_kb=991472
PSS_SAMPLE pass=1 sample=62 mono_ms=7989060 pss_kb=965822 rss_kb=991472
PSS_SAMPLE pass=1 sample=63 mono_ms=7989300 pss_kb=965822 rss_kb=991472
PSS_SAMPLE pass=1 sample=64 mono_ms=7989560 pss_kb=965846 rss_kb=991472
PSS_SAMPLE pass=1 sample=65 mono_ms=7989810 pss_kb=965822 rss_kb=991472
PSS_SAMPLE pass=1 sample=66 mono_ms=7990060 pss_kb=965808 rss_kb=991472
PSS_SAMPLE pass=1 sample=67 mono_ms=7990310 pss_kb=965784 rss_kb=991472
PSS_SAMPLE pass=1 sample=68 mono_ms=7990560 pss_kb=965800 rss_kb=991472
PSS_SAMPLE pass=1 sample=69 mono_ms=7990810 pss_kb=965784 rss_kb=991472
PSS_SAMPLE pass=1 sample=70 mono_ms=7991050 pss_kb=965784 rss_kb=991472
PSS_SAMPLE pass=1 sample=71 mono_ms=7991300 pss_kb=965784 rss_kb=991472
PSS_SAMPLE pass=1 sample=72 mono_ms=7991550 pss_kb=965784 rss_kb=991472
PSS_SAMPLE pass=1 sample=73 mono_ms=7991810 pss_kb=965808 rss_kb=991472
PSS_SAMPLE pass=1 sample=74 mono_ms=7992050 pss_kb=965784 rss_kb=991472
PSS_SAMPLE pass=1 sample=75 mono_ms=7992310 pss_kb=965808 rss_kb=991472
PSS_SAMPLING_END pass=1 interval_ms=250 samples=76 duration_ms=18750
RUNTIME_COEXIST status=loaded path=/data/local/tmp/dictai-meeting-t8/20260924T203307Z-34202/existing-runtime/libggml-base.so
RUNTIME_COEXIST status=loaded path=/data/local/tmp/dictai-meeting-t8/20260924T203307Z-34202/existing-runtime/libggml-cpu.so
RUNTIME_COEXIST status=loaded path=/data/local/tmp/dictai-meeting-t8/20260924T203307Z-34202/existing-runtime/libggml.so
onnxruntime cpuid_info warning: Unknown CPU vendor. cpuinfo_vendor value: 0
RUNTIME_COEXIST status=loaded path=/data/local/tmp/dictai-meeting-t8/20260924T203307Z-34202/existing-runtime/libonnxruntime.so
RUNTIME_COEXIST status=loaded path=/data/local/tmp/dictai-meeting-t8/20260924T203307Z-34202/existing-runtime/libsherpa-onnx-c-api.so
RUNTIME_COEXIST status=loaded path=/data/local/tmp/dictai-meeting-t8/20260924T203307Z-34202/existing-runtime/libsherpa-onnx-cxx-api.so
RUNTIME_COEXIST status=loaded path=/data/local/tmp/dictai-meeting-t8/20260924T203307Z-34202/existing-runtime/libsherpa-onnx-jni.so
RUNTIME_COEXIST status=loaded path=/data/local/tmp/dictai-meeting-t8/20260924T203307Z-34202/existing-runtime/libtranscribe.so
RUNTIME_COEXIST status=loaded path=/data/local/tmp/dictai-meeting-t8/20260924T203307Z-34202/existing-runtime/libtranscribe_jni.so
RUNTIME_COEXIST_SUMMARY libraries=9 status=ok
AUDIO sample_rate=16000 channels=1 samples=204484 duration_ms=12780
PROCESS_MEMORY stage=audio-loaded rss_kb=50424 peak_rss_kb=50708
BENCH_CONFIG pass=1 variant=asr language=fr gpu=-1 log_status=0 punctuation=1 max_speakers=8 interim=1 endpoint=1 token_silence_ms=800 force_endpoint_ms=30000 cadence=realtime chunk_ms=160
BENCH_MODEL_LOAD pass=1 variant=asr elapsed_ms=228
BENCH_WARMUP pass=1 variant=asr elapsed_ms=5522 speakers=0
BENCH_TIMING_CHECK pass=1 origin=audio_capture_origin status=ok first_due_us=160000 expected_first_due_us=160000 last_due_us=12780250 expected_last_due_us=12780250
BENCH_PASS_BEGIN pass=1 variant=asr stream_clock=audio_capture_origin total_ms=12780
RESULT pass=1 phase=interim revision=1 utterance_id=1 mono_ms=1014 stable_speaker_ms=0 word_count=0
RESULT pass=1 phase=interim revision=2 utterance_id=1 mono_ms=1162 stable_speaker_ms=0 word_count=0
RESULT pass=1 phase=interim revision=3 utterance_id=1 mono_ms=1366 stable_speaker_ms=0 word_count=0
RESULT pass=1 phase=interim revision=4 utterance_id=1 mono_ms=1488 stable_speaker_ms=0 word_count=1
WORD pass=1 revision=4 utterance_id=1 word_index=0 start_ms=640 end_ms=800 speaker_tag=0 word="Bonjour,"
RESULT pass=1 phase=interim revision=5 utterance_id=1 mono_ms=1658 stable_speaker_ms=0 word_count=1
WORD pass=1 revision=5 utterance_id=1 word_index=0 start_ms=640 end_ms=800 speaker_tag=0 word="Bonjour,"
RESULT pass=1 phase=interim revision=6 utterance_id=1 mono_ms=1876 stable_speaker_ms=0 word_count=3
WORD pass=1 revision=6 utterance_id=1 word_index=0 start_ms=640 end_ms=800 speaker_tag=0 word="Bonjour,"
WORD pass=1 revision=6 utterance_id=1 word_index=1 start_ms=1120 end_ms=1440 speaker_tag=0 word="ouvrons"
WORD pass=1 revision=6 utterance_id=1 word_index=2 start_ms=1440 end_ms=1520 speaker_tag=0 word="la"
RESULT pass=1 phase=interim revision=7 utterance_id=1 mono_ms=1971 stable_speaker_ms=0 word_count=3
WORD pass=1 revision=7 utterance_id=1 word_index=0 start_ms=640 end_ms=800 speaker_tag=0 word="Bonjour,"
WORD pass=1 revision=7 utterance_id=1 word_index=1 start_ms=1120 end_ms=1440 speaker_tag=0 word="ouvrons"
WORD pass=1 revision=7 utterance_id=1 word_index=2 start_ms=1440 end_ms=1520 speaker_tag=0 word="la"
RESULT pass=1 phase=interim revision=8 utterance_id=1 mono_ms=2156 stable_speaker_ms=0 word_count=4
WORD pass=1 revision=8 utterance_id=1 word_index=0 start_ms=640 end_ms=800 speaker_tag=0 word="Bonjour,"
WORD pass=1 revision=8 utterance_id=1 word_index=1 start_ms=1120 end_ms=1440 speaker_tag=0 word="ouvrons"
WORD pass=1 revision=8 utterance_id=1 word_index=2 start_ms=1440 end_ms=1520 speaker_tag=0 word="la"
WORD pass=1 revision=8 utterance_id=1 word_index=3 start_ms=1520 end_ms=1760 speaker_tag=0 word="réunion"
RESULT pass=1 phase=interim revision=9 utterance_id=1 mono_ms=2287 stable_speaker_ms=0 word_count=5
WORD pass=1 revision=9 utterance_id=1 word_index=0 start_ms=640 end_ms=800 speaker_tag=0 word="Bonjour,"
WORD pass=1 revision=9 utterance_id=1 word_index=1 start_ms=1120 end_ms=1440 speaker_tag=0 word="ouvrons"
WORD pass=1 revision=9 utterance_id=1 word_index=2 start_ms=1440 end_ms=1520 speaker_tag=0 word="la"
WORD pass=1 revision=9 utterance_id=1 word_index=3 start_ms=1520 end_ms=1760 speaker_tag=0 word="réunion"
WORD pass=1 revision=9 utterance_id=1 word_index=4 start_ms=1840 end_ms=1920 speaker_tag=0 word="de"
RESULT pass=1 phase=interim revision=10 utterance_id=1 mono_ms=2445 stable_speaker_ms=0 word_count=6
WORD pass=1 revision=10 utterance_id=1 word_index=0 start_ms=640 end_ms=800 speaker_tag=0 word="Bonjour,"
WORD pass=1 revision=10 utterance_id=1 word_index=1 start_ms=1120 end_ms=1440 speaker_tag=0 word="ouvrons"
WORD pass=1 revision=10 utterance_id=1 word_index=2 start_ms=1440 end_ms=1520 speaker_tag=0 word="la"
WORD pass=1 revision=10 utterance_id=1 word_index=3 start_ms=1520 end_ms=1760 speaker_tag=0 word="réunion"
WORD pass=1 revision=10 utterance_id=1 word_index=4 start_ms=1840 end_ms=1920 speaker_tag=0 word="de"
WORD pass=1 revision=10 utterance_id=1 word_index=5 start_ms=2000 end_ms=2080 speaker_tag=0 word="la"
RESULT pass=1 phase=interim revision=11 utterance_id=1 mono_ms=2653 stable_speaker_ms=0 word_count=6
WORD pass=1 revision=11 utterance_id=1 word_index=0 start_ms=640 end_ms=800 speaker_tag=0 word="Bonjour,"
WORD pass=1 revision=11 utterance_id=1 word_index=1 start_ms=1120 end_ms=1440 speaker_tag=0 word="ouvrons"
WORD pass=1 revision=11 utterance_id=1 word_index=2 start_ms=1440 end_ms=1520 speaker_tag=0 word="la"
WORD pass=1 revision=11 utterance_id=1 word_index=3 start_ms=1520 end_ms=1760 speaker_tag=0 word="réunion"
WORD pass=1 revision=11 utterance_id=1 word_index=4 start_ms=1840 end_ms=1920 speaker_tag=0 word="de"
WORD pass=1 revision=11 utterance_id=1 word_index=5 start_ms=2000 end_ms=2080 speaker_tag=0 word="la"
RESULT pass=1 phase=interim revision=12 utterance_id=1 mono_ms=2763 stable_speaker_ms=0 word_count=6
WORD pass=1 revision=12 utterance_id=1 word_index=0 start_ms=640 end_ms=800 speaker_tag=0 word="Bonjour,"
WORD pass=1 revision=12 utterance_id=1 word_index=1 start_ms=1120 end_ms=1440 speaker_tag=0 word="ouvrons"
WORD pass=1 revision=12 utterance_id=1 word_index=2 start_ms=1440 end_ms=1520 speaker_tag=0 word="la"
WORD pass=1 revision=12 utterance_id=1 word_index=3 start_ms=1520 end_ms=1760 speaker_tag=0 word="réunion"
WORD pass=1 revision=12 utterance_id=1 word_index=4 start_ms=1840 end_ms=1920 speaker_tag=0 word="de"
WORD pass=1 revision=12 utterance_id=1 word_index=5 start_ms=2000 end_ms=2080 speaker_tag=0 word="la"
RESULT pass=1 phase=interim revision=13 utterance_id=1 mono_ms=2922 stable_speaker_ms=0 word_count=6
WORD pass=1 revision=13 utterance_id=1 word_index=0 start_ms=640 end_ms=800 speaker_tag=0 word="Bonjour,"
WORD pass=1 revision=13 utterance_id=1 word_index=1 start_ms=1120 end_ms=1440 speaker_tag=0 word="ouvrons"
WORD pass=1 revision=13 utterance_id=1 word_index=2 start_ms=1440 end_ms=1520 speaker_tag=0 word="la"
WORD pass=1 revision=13 utterance_id=1 word_index=3 start_ms=1520 end_ms=1760 speaker_tag=0 word="réunion"
WORD pass=1 revision=13 utterance_id=1 word_index=4 start_ms=1840 end_ms=1920 speaker_tag=0 word="de"
WORD pass=1 revision=13 utterance_id=1 word_index=5 start_ms=2000 end_ms=2080 speaker_tag=0 word="la"
RESULT pass=1 phase=interim revision=14 utterance_id=1 mono_ms=3132 stable_speaker_ms=0 word_count=6
WORD pass=1 revision=14 utterance_id=1 word_index=0 start_ms=640 end_ms=800 speaker_tag=0 word="Bonjour,"
WORD pass=1 revision=14 utterance_id=1 word_index=1 start_ms=1120 end_ms=1440 speaker_tag=0 word="ouvrons"
WORD pass=1 revision=14 utterance_id=1 word_index=2 start_ms=1440 end_ms=1520 speaker_tag=0 word="la"
WORD pass=1 revision=14 utterance_id=1 word_index=3 start_ms=1520 end_ms=1760 speaker_tag=0 word="réunion"
WORD pass=1 revision=14 utterance_id=1 word_index=4 start_ms=1840 end_ms=1920 speaker_tag=0 word="de"
WORD pass=1 revision=14 utterance_id=1 word_index=5 start_ms=2000 end_ms=2080 speaker_tag=0 word="la"
RESULT pass=1 phase=interim revision=15 utterance_id=1 mono_ms=3245 stable_speaker_ms=0 word_count=6
WORD pass=1 revision=15 utterance_id=1 word_index=0 start_ms=640 end_ms=800 speaker_tag=0 word="Bonjour,"
WORD pass=1 revision=15 utterance_id=1 word_index=1 start_ms=1120 end_ms=1440 speaker_tag=0 word="ouvrons"
WORD pass=1 revision=15 utterance_id=1 word_index=2 start_ms=1440 end_ms=1520 speaker_tag=0 word="la"
WORD pass=1 revision=15 utterance_id=1 word_index=3 start_ms=1520 end_ms=1760 speaker_tag=0 word="réunion"
WORD pass=1 revision=15 utterance_id=1 word_index=4 start_ms=1840 end_ms=1920 speaker_tag=0 word="de"
WORD pass=1 revision=15 utterance_id=1 word_index=5 start_ms=2000 end_ms=2080 speaker_tag=0 word="la"
RESULT pass=1 phase=final_initial revision=16 utterance_id=1 mono_ms=3400 stable_speaker_ms=0 word_count=7
WORD pass=1 revision=16 utterance_id=1 word_index=0 start_ms=640 end_ms=800 speaker_tag=0 word="Bonjour,"
WORD pass=1 revision=16 utterance_id=1 word_index=1 start_ms=1120 end_ms=1440 speaker_tag=0 word="ouvrons"
WORD pass=1 revision=16 utterance_id=1 word_index=2 start_ms=1440 end_ms=1520 speaker_tag=0 word="la"
WORD pass=1 revision=16 utterance_id=1 word_index=3 start_ms=1520 end_ms=1760 speaker_tag=0 word="réunion"
WORD pass=1 revision=16 utterance_id=1 word_index=4 start_ms=1840 end_ms=1920 speaker_tag=0 word="de"
WORD pass=1 revision=16 utterance_id=1 word_index=5 start_ms=2000 end_ms=2080 speaker_tag=0 word="la"
WORD pass=1 revision=16 utterance_id=1 word_index=6 start_ms=2160 end_ms=2320 speaker_tag=0 word="semaine"
RESULT pass=1 phase=interim revision=1 utterance_id=2 mono_ms=3805 stable_speaker_ms=0 word_count=0
RESULT pass=1 phase=interim revision=2 utterance_id=2 mono_ms=3900 stable_speaker_ms=0 word_count=1
WORD pass=1 revision=2 utterance_id=2 word_index=0 start_ms=3360 end_ms=3440 speaker_tag=0 word="je"
RESULT pass=1 phase=interim revision=3 utterance_id=2 mono_ms=4055 stable_speaker_ms=0 word_count=1
WORD pass=1 revision=3 utterance_id=2 word_index=0 start_ms=3360 end_ms=3440 speaker_tag=0 word="je"
RESULT pass=1 phase=interim revision=4 utterance_id=2 mono_ms=4202 stable_speaker_ms=0 word_count=1
WORD pass=1 revision=4 utterance_id=2 word_index=0 start_ms=3360 end_ms=3440 speaker_tag=0 word="je"
RESULT pass=1 phase=interim revision=5 utterance_id=2 mono_ms=4414 stable_speaker_ms=0 word_count=2
WORD pass=1 revision=5 utterance_id=2 word_index=0 start_ms=3360 end_ms=3440 speaker_tag=0 word="je"
WORD pass=1 revision=5 utterance_id=2 word_index=1 start_ms=3600 end_ms=3840 speaker_tag=0 word="propose"
RESULT pass=1 phase=interim revision=6 utterance_id=2 mono_ms=4525 stable_speaker_ms=0 word_count=2
WORD pass=1 revision=6 utterance_id=2 word_index=0 start_ms=3360 end_ms=3440 speaker_tag=0 word="je"
WORD pass=1 revision=6 utterance_id=2 word_index=1 start_ms=3600 end_ms=3840 speaker_tag=0 word="propose"
RESULT pass=1 phase=interim revision=7 utterance_id=2 mono_ms=4686 stable_speaker_ms=0 word_count=3
WORD pass=1 revision=7 utterance_id=2 word_index=0 start_ms=3360 end_ms=3440 speaker_tag=0 word="je"
WORD pass=1 revision=7 utterance_id=2 word_index=1 start_ms=3600 end_ms=3840 speaker_tag=0 word="propose"
WORD pass=1 revision=7 utterance_id=2 word_index=2 start_ms=4000 end_ms=4160 speaker_tag=0 word="jeudi"
RESULT pass=1 phase=interim revision=8 utterance_id=2 mono_ms=4886 stable_speaker_ms=0 word_count=3
WORD pass=1 revision=8 utterance_id=2 word_index=0 start_ms=3360 end_ms=3440 speaker_tag=0 word="je"
WORD pass=1 revision=8 utterance_id=2 word_index=1 start_ms=3600 end_ms=3840 speaker_tag=0 word="propose"
WORD pass=1 revision=8 utterance_id=2 word_index=2 start_ms=4000 end_ms=4160 speaker_tag=0 word="jeudi"
RESULT pass=1 phase=interim revision=9 utterance_id=2 mono_ms=5013 stable_speaker_ms=0 word_count=4
WORD pass=1 revision=9 utterance_id=2 word_index=0 start_ms=3360 end_ms=3440 speaker_tag=0 word="je"
WORD pass=1 revision=9 utterance_id=2 word_index=1 start_ms=3600 end_ms=3840 speaker_tag=0 word="propose"
WORD pass=1 revision=9 utterance_id=2 word_index=2 start_ms=4000 end_ms=4160 speaker_tag=0 word="jeudi"
WORD pass=1 revision=9 utterance_id=2 word_index=3 start_ms=4400 end_ms=4560 speaker_tag=0 word="matin"
RESULT pass=1 phase=interim revision=10 utterance_id=2 mono_ms=5171 stable_speaker_ms=0 word_count=5
WORD pass=1 revision=10 utterance_id=2 word_index=0 start_ms=3360 end_ms=3440 speaker_tag=0 word="je"
WORD pass=1 revision=10 utterance_id=2 word_index=1 start_ms=3600 end_ms=3840 speaker_tag=0 word="propose"
WORD pass=1 revision=10 utterance_id=2 word_index=2 start_ms=4000 end_ms=4160 speaker_tag=0 word="jeudi"
WORD pass=1 revision=10 utterance_id=2 word_index=3 start_ms=4400 end_ms=4560 speaker_tag=0 word="matin"
WORD pass=1 revision=10 utterance_id=2 word_index=4 start_ms=4720 end_ms=4800 speaker_tag=0 word="pour"
RESULT pass=1 phase=interim revision=11 utterance_id=2 mono_ms=5370 stable_speaker_ms=0 word_count=6
WORD pass=1 revision=11 utterance_id=2 word_index=0 start_ms=3360 end_ms=3440 speaker_tag=0 word="je"
WORD pass=1 revision=11 utterance_id=2 word_index=1 start_ms=3600 end_ms=3840 speaker_tag=0 word="propose"
WORD pass=1 revision=11 utterance_id=2 word_index=2 start_ms=4000 end_ms=4160 speaker_tag=0 word="jeudi"
WORD pass=1 revision=11 utterance_id=2 word_index=3 start_ms=4400 end_ms=4560 speaker_tag=0 word="matin"
WORD pass=1 revision=11 utterance_id=2 word_index=4 start_ms=4720 end_ms=4800 speaker_tag=0 word="pour"
WORD pass=1 revision=11 utterance_id=2 word_index=5 start_ms=4800 end_ms=4880 speaker_tag=0 word="le"
RESULT pass=1 phase=interim revision=12 utterance_id=2 mono_ms=5491 stable_speaker_ms=0 word_count=6
WORD pass=1 revision=12 utterance_id=2 word_index=0 start_ms=3360 end_ms=3440 speaker_tag=0 word="je"
WORD pass=1 revision=12 utterance_id=2 word_index=1 start_ms=3600 end_ms=3840 speaker_tag=0 word="propose"
WORD pass=1 revision=12 utterance_id=2 word_index=2 start_ms=4000 end_ms=4160 speaker_tag=0 word="jeudi"
WORD pass=1 revision=12 utterance_id=2 word_index=3 start_ms=4400 end_ms=4560 speaker_tag=0 word="matin"
WORD pass=1 revision=12 utterance_id=2 word_index=4 start_ms=4720 end_ms=4800 speaker_tag=0 word="pour"
WORD pass=1 revision=12 utterance_id=2 word_index=5 start_ms=4800 end_ms=4880 speaker_tag=0 word="le"
RESULT pass=1 phase=interim revision=13 utterance_id=2 mono_ms=5698 stable_speaker_ms=0 word_count=6
WORD pass=1 revision=13 utterance_id=2 word_index=0 start_ms=3360 end_ms=3440 speaker_tag=0 word="je"
WORD pass=1 revision=13 utterance_id=2 word_index=1 start_ms=3600 end_ms=3840 speaker_tag=0 word="propose"
WORD pass=1 revision=13 utterance_id=2 word_index=2 start_ms=4000 end_ms=4160 speaker_tag=0 word="jeudi"
WORD pass=1 revision=13 utterance_id=2 word_index=3 start_ms=4400 end_ms=4560 speaker_tag=0 word="matin"
WORD pass=1 revision=13 utterance_id=2 word_index=4 start_ms=4720 end_ms=4800 speaker_tag=0 word="pour"
WORD pass=1 revision=13 utterance_id=2 word_index=5 start_ms=4800 end_ms=4880 speaker_tag=0 word="le"
RESULT pass=1 phase=interim revision=14 utterance_id=2 mono_ms=5881 stable_speaker_ms=0 word_count=6
WORD pass=1 revision=14 utterance_id=2 word_index=0 start_ms=3360 end_ms=3440 speaker_tag=0 word="je"
WORD pass=1 revision=14 utterance_id=2 word_index=1 start_ms=3600 end_ms=3840 speaker_tag=0 word="propose"
WORD pass=1 revision=14 utterance_id=2 word_index=2 start_ms=4000 end_ms=4160 speaker_tag=0 word="jeudi"
WORD pass=1 revision=14 utterance_id=2 word_index=3 start_ms=4400 end_ms=4560 speaker_tag=0 word="matin"
WORD pass=1 revision=14 utterance_id=2 word_index=4 start_ms=4720 end_ms=4800 speaker_tag=0 word="pour"
WORD pass=1 revision=14 utterance_id=2 word_index=5 start_ms=4800 end_ms=4880 speaker_tag=0 word="le"
RESULT pass=1 phase=interim revision=15 utterance_id=2 mono_ms=5961 stable_speaker_ms=0 word_count=6
WORD pass=1 revision=15 utterance_id=2 word_index=0 start_ms=3360 end_ms=3440 speaker_tag=0 word="je"
WORD pass=1 revision=15 utterance_id=2 word_index=1 start_ms=3600 end_ms=3840 speaker_tag=0 word="propose"
WORD pass=1 revision=15 utterance_id=2 word_index=2 start_ms=4000 end_ms=4160 speaker_tag=0 word="jeudi"
WORD pass=1 revision=15 utterance_id=2 word_index=3 start_ms=4400 end_ms=4560 speaker_tag=0 word="matin"
WORD pass=1 revision=15 utterance_id=2 word_index=4 start_ms=4720 end_ms=4800 speaker_tag=0 word="pour"
WORD pass=1 revision=15 utterance_id=2 word_index=5 start_ms=4800 end_ms=4880 speaker_tag=0 word="le"
RESULT pass=1 phase=interim revision=16 utterance_id=2 mono_ms=6159 stable_speaker_ms=0 word_count=6
WORD pass=1 revision=16 utterance_id=2 word_index=0 start_ms=3360 end_ms=3440 speaker_tag=0 word="je"
WORD pass=1 revision=16 utterance_id=2 word_index=1 start_ms=3600 end_ms=3840 speaker_tag=0 word="propose"
WORD pass=1 revision=16 utterance_id=2 word_index=2 start_ms=4000 end_ms=4160 speaker_tag=0 word="jeudi"
WORD pass=1 revision=16 utterance_id=2 word_index=3 start_ms=4400 end_ms=4560 speaker_tag=0 word="matin"
WORD pass=1 revision=16 utterance_id=2 word_index=4 start_ms=4720 end_ms=4800 speaker_tag=0 word="pour"
WORD pass=1 revision=16 utterance_id=2 word_index=5 start_ms=4800 end_ms=4880 speaker_tag=0 word="le"
RESULT pass=1 phase=final_initial revision=17 utterance_id=2 mono_ms=6287 stable_speaker_ms=0 word_count=7
WORD pass=1 revision=17 utterance_id=2 word_index=0 start_ms=3360 end_ms=3440 speaker_tag=0 word="je"
WORD pass=1 revision=17 utterance_id=2 word_index=1 start_ms=3600 end_ms=3840 speaker_tag=0 word="propose"
WORD pass=1 revision=17 utterance_id=2 word_index=2 start_ms=4000 end_ms=4160 speaker_tag=0 word="jeudi"
WORD pass=1 revision=17 utterance_id=2 word_index=3 start_ms=4400 end_ms=4560 speaker_tag=0 word="matin"
WORD pass=1 revision=17 utterance_id=2 word_index=4 start_ms=4720 end_ms=4800 speaker_tag=0 word="pour"
WORD pass=1 revision=17 utterance_id=2 word_index=5 start_ms=4800 end_ms=4880 speaker_tag=0 word="le"
WORD pass=1 revision=17 utterance_id=2 word_index=6 start_ms=5040 end_ms=5200 speaker_tag=0 word="suivi"
RESULT pass=1 phase=interim revision=1 utterance_id=3 mono_ms=6670 stable_speaker_ms=0 word_count=0
RESULT pass=1 phase=interim revision=2 utterance_id=3 mono_ms=6762 stable_speaker_ms=0 word_count=0
RESULT pass=1 phase=interim revision=3 utterance_id=3 mono_ms=6920 stable_speaker_ms=0 word_count=0
RESULT pass=1 phase=interim revision=4 utterance_id=3 mono_ms=7124 stable_speaker_ms=0 word_count=0
RESULT pass=1 phase=interim revision=5 utterance_id=3 mono_ms=7243 stable_speaker_ms=0 word_count=0
RESULT pass=1 phase=interim revision=6 utterance_id=3 mono_ms=7408 stable_speaker_ms=0 word_count=1
WORD pass=1 revision=6 utterance_id=3 word_index=0 start_ms=6240 end_ms=6400 speaker_tag=0 word="d'accord,"
RESULT pass=1 phase=interim revision=7 utterance_id=3 mono_ms=7570 stable_speaker_ms=0 word_count=2
WORD pass=1 revision=7 utterance_id=3 word_index=0 start_ms=6240 end_ms=6400 speaker_tag=0 word="d'accord,"
WORD pass=1 revision=7 utterance_id=3 word_index=1 start_ms=7040 end_ms=7120 speaker_tag=0 word="je"
RESULT pass=1 phase=interim revision=8 utterance_id=3 mono_ms=7727 stable_speaker_ms=0 word_count=2
WORD pass=1 revision=8 utterance_id=3 word_index=0 start_ms=6240 end_ms=6400 speaker_tag=0 word="d'accord,"
WORD pass=1 revision=8 utterance_id=3 word_index=1 start_ms=7040 end_ms=7120 speaker_tag=0 word="je"
RESULT pass=1 phase=interim revision=9 utterance_id=3 mono_ms=7910 stable_speaker_ms=0 word_count=2
WORD pass=1 revision=9 utterance_id=3 word_index=0 start_ms=6240 end_ms=6400 speaker_tag=0 word="d'accord,"
WORD pass=1 revision=9 utterance_id=3 word_index=1 start_ms=7040 end_ms=7120 speaker_tag=0 word="je"
RESULT pass=1 phase=interim revision=10 utterance_id=3 mono_ms=8053 stable_speaker_ms=0 word_count=4
WORD pass=1 revision=10 utterance_id=3 word_index=0 start_ms=6240 end_ms=6400 speaker_tag=0 word="d'accord,"
WORD pass=1 revision=10 utterance_id=3 word_index=1 start_ms=7040 end_ms=7120 speaker_tag=0 word="je"
WORD pass=1 revision=10 utterance_id=3 word_index=2 start_ms=7200 end_ms=7520 speaker_tag=0 word="prépare"
WORD pass=1 revision=10 utterance_id=3 word_index=3 start_ms=7680 end_ms=7760 speaker_tag=0 word="la"
RESULT pass=1 phase=interim revision=11 utterance_id=3 mono_ms=8206 stable_speaker_ms=0 word_count=4
WORD pass=1 revision=11 utterance_id=3 word_index=0 start_ms=6240 end_ms=6400 speaker_tag=0 word="d'accord,"
WORD pass=1 revision=11 utterance_id=3 word_index=1 start_ms=7040 end_ms=7120 speaker_tag=0 word="je"
WORD pass=1 revision=11 utterance_id=3 word_index=2 start_ms=7200 end_ms=7520 speaker_tag=0 word="prépare"
WORD pass=1 revision=11 utterance_id=3 word_index=3 start_ms=7680 end_ms=7760 speaker_tag=0 word="la"
RESULT pass=1 phase=interim revision=12 utterance_id=3 mono_ms=8413 stable_speaker_ms=0 word_count=4
WORD pass=1 revision=12 utterance_id=3 word_index=0 start_ms=6240 end_ms=6400 speaker_tag=0 word="d'accord,"
WORD pass=1 revision=12 utterance_id=3 word_index=1 start_ms=7040 end_ms=7120 speaker_tag=0 word="je"
WORD pass=1 revision=12 utterance_id=3 word_index=2 start_ms=7200 end_ms=7520 speaker_tag=0 word="prépare"
WORD pass=1 revision=12 utterance_id=3 word_index=3 start_ms=7680 end_ms=7760 speaker_tag=0 word="la"
RESULT pass=1 phase=interim revision=13 utterance_id=3 mono_ms=8525 stable_speaker_ms=0 word_count=4
WORD pass=1 revision=13 utterance_id=3 word_index=0 start_ms=6240 end_ms=6400 speaker_tag=0 word="d'accord,"
WORD pass=1 revision=13 utterance_id=3 word_index=1 start_ms=7040 end_ms=7120 speaker_tag=0 word="je"
WORD pass=1 revision=13 utterance_id=3 word_index=2 start_ms=7200 end_ms=7520 speaker_tag=0 word="prépare"
WORD pass=1 revision=13 utterance_id=3 word_index=3 start_ms=7680 end_ms=7760 speaker_tag=0 word="la"
RESULT pass=1 phase=interim revision=14 utterance_id=3 mono_ms=8681 stable_speaker_ms=0 word_count=4
WORD pass=1 revision=14 utterance_id=3 word_index=0 start_ms=6240 end_ms=6400 speaker_tag=0 word="d'accord,"
WORD pass=1 revision=14 utterance_id=3 word_index=1 start_ms=7040 end_ms=7120 speaker_tag=0 word="je"
WORD pass=1 revision=14 utterance_id=3 word_index=2 start_ms=7200 end_ms=7520 speaker_tag=0 word="prépare"
WORD pass=1 revision=14 utterance_id=3 word_index=3 start_ms=7680 end_ms=7760 speaker_tag=0 word="la"
RESULT pass=1 phase=interim revision=15 utterance_id=3 mono_ms=8890 stable_speaker_ms=0 word_count=4
WORD pass=1 revision=15 utterance_id=3 word_index=0 start_ms=6240 end_ms=6400 speaker_tag=0 word="d'accord,"
WORD pass=1 revision=15 utterance_id=3 word_index=1 start_ms=7040 end_ms=7120 speaker_tag=0 word="je"
WORD pass=1 revision=15 utterance_id=3 word_index=2 start_ms=7200 end_ms=7520 speaker_tag=0 word="prépare"
WORD pass=1 revision=15 utterance_id=3 word_index=3 start_ms=7680 end_ms=7760 speaker_tag=0 word="la"
RESULT pass=1 phase=interim revision=16 utterance_id=3 mono_ms=9004 stable_speaker_ms=0 word_count=4
WORD pass=1 revision=16 utterance_id=3 word_index=0 start_ms=6240 end_ms=6400 speaker_tag=0 word="d'accord,"
WORD pass=1 revision=16 utterance_id=3 word_index=1 start_ms=7040 end_ms=7120 speaker_tag=0 word="je"
WORD pass=1 revision=16 utterance_id=3 word_index=2 start_ms=7200 end_ms=7520 speaker_tag=0 word="prépare"
WORD pass=1 revision=16 utterance_id=3 word_index=3 start_ms=7680 end_ms=7760 speaker_tag=0 word="la"
RESULT pass=1 phase=interim revision=17 utterance_id=3 mono_ms=9163 stable_speaker_ms=0 word_count=4
WORD pass=1 revision=17 utterance_id=3 word_index=0 start_ms=6240 end_ms=6400 speaker_tag=0 word="d'accord,"
WORD pass=1 revision=17 utterance_id=3 word_index=1 start_ms=7040 end_ms=7120 speaker_tag=0 word="je"
WORD pass=1 revision=17 utterance_id=3 word_index=2 start_ms=7200 end_ms=7520 speaker_tag=0 word="prépare"
WORD pass=1 revision=17 utterance_id=3 word_index=3 start_ms=7680 end_ms=7760 speaker_tag=0 word="la"
RESULT pass=1 phase=final_initial revision=18 utterance_id=3 mono_ms=9357 stable_speaker_ms=0 word_count=5
WORD pass=1 revision=18 utterance_id=3 word_index=0 start_ms=6240 end_ms=6400 speaker_tag=0 word="d'accord,"
WORD pass=1 revision=18 utterance_id=3 word_index=1 start_ms=7040 end_ms=7120 speaker_tag=0 word="je"
WORD pass=1 revision=18 utterance_id=3 word_index=2 start_ms=7200 end_ms=7520 speaker_tag=0 word="prépare"
WORD pass=1 revision=18 utterance_id=3 word_index=3 start_ms=7680 end_ms=7760 speaker_tag=0 word="la"
WORD pass=1 revision=18 utterance_id=3 word_index=4 start_ms=7760 end_ms=8240 speaker_tag=0 word="synthèse"
RESULT pass=1 phase=interim revision=1 utterance_id=4 mono_ms=10293 stable_speaker_ms=0 word_count=0
RESULT pass=1 phase=interim revision=2 utterance_id=4 mono_ms=10447 stable_speaker_ms=0 word_count=1
WORD pass=1 revision=2 utterance_id=4 word_index=0 start_ms=10000 end_ms=10080 speaker_tag=0 word="nous"
RESULT pass=1 phase=interim revision=3 utterance_id=4 mono_ms=10661 stable_speaker_ms=0 word_count=1
WORD pass=1 revision=3 utterance_id=4 word_index=0 start_ms=10000 end_ms=10080 speaker_tag=0 word="nous"
RESULT pass=1 phase=interim revision=4 utterance_id=4 mono_ms=10763 stable_speaker_ms=0 word_count=1
WORD pass=1 revision=4 utterance_id=4 word_index=0 start_ms=10000 end_ms=10080 speaker_tag=0 word="nous"
RESULT pass=1 phase=interim revision=5 utterance_id=4 mono_ms=10929 stable_speaker_ms=0 word_count=2
WORD pass=1 revision=5 utterance_id=4 word_index=0 start_ms=10000 end_ms=10080 speaker_tag=0 word="nous"
WORD pass=1 revision=5 utterance_id=4 word_index=1 start_ms=10080 end_ms=10480 speaker_tag=0 word="reprenons"
RESULT pass=1 phase=interim revision=6 utterance_id=4 mono_ms=11126 stable_speaker_ms=0 word_count=2
WORD pass=1 revision=6 utterance_id=4 word_index=0 start_ms=10000 end_ms=10080 speaker_tag=0 word="nous"
WORD pass=1 revision=6 utterance_id=4 word_index=1 start_ms=10080 end_ms=10480 speaker_tag=0 word="reprenons"
RESULT pass=1 phase=interim revision=7 utterance_id=4 mono_ms=11245 stable_speaker_ms=0 word_count=2
WORD pass=1 revision=7 utterance_id=4 word_index=0 start_ms=10000 end_ms=10080 speaker_tag=0 word="nous"
WORD pass=1 revision=7 utterance_id=4 word_index=1 start_ms=10080 end_ms=10480 speaker_tag=0 word="reprenons"
RESULT pass=1 phase=interim revision=8 utterance_id=4 mono_ms=11427 stable_speaker_ms=0 word_count=2
WORD pass=1 revision=8 utterance_id=4 word_index=0 start_ms=10000 end_ms=10080 speaker_tag=0 word="nous"
WORD pass=1 revision=8 utterance_id=4 word_index=1 start_ms=10080 end_ms=10480 speaker_tag=0 word="reprenons"
RESULT pass=1 phase=interim revision=9 utterance_id=4 mono_ms=11566 stable_speaker_ms=0 word_count=2
WORD pass=1 revision=9 utterance_id=4 word_index=0 start_ms=10000 end_ms=10080 speaker_tag=0 word="nous"
WORD pass=1 revision=9 utterance_id=4 word_index=1 start_ms=10080 end_ms=10480 speaker_tag=0 word="reprenons"
RESULT pass=1 phase=final_initial revision=10 utterance_id=4 mono_ms=11724 stable_speaker_ms=0 word_count=3
WORD pass=1 revision=10 utterance_id=4 word_index=0 start_ms=10000 end_ms=10080 speaker_tag=0 word="nous"
WORD pass=1 revision=10 utterance_id=4 word_index=1 start_ms=10080 end_ms=10480 speaker_tag=0 word="reprenons"
WORD pass=1 revision=10 utterance_id=4 word_index=2 start_ms=10560 end_ms=10720 speaker_tag=0 word="jeudi"
BENCH_FINISH_BEGIN pass=1 pushed_ms=12780 total_ms=12780
BENCH_FINISH_END pass=1 elapsed_ms=115
BENCH_PASS_SUMMARY pass=1 variant=asr load_ms=228 warmup_ms=5522 wall_ms=12979 push_ms=0 next_ms=4787 finish_ms=115 rtf=1.016 max_input_lag_ms=5 result_events=61 word_events=185 stable_sequence=
BENCH_PASS_END pass=1 variant=asr
HOST_PASS_END pass=1 variant=asr
HOST_PASS_BEGIN pass=2 variant=both command=adb -s emulator-5554 shell sh /data/local/tmp/dictai-meeting-t8/20260924T203307Z-34202/meeting-benchmark-pass-remote.sh 2 both /data/local/tmp/dictai-meeting-t8/20260924T203307Z-34202
PSS_SAMPLING_BEGIN pass=2 interval_ms=250 source=proc-smaps_rollup+status overhead=proc_scan_and_adb_stream
PSS_SAMPLE pass=2 sample=0 mono_ms=7992610 pss_kb=8344 rss_kb=11520
PSS_SAMPLE pass=2 sample=1 mono_ms=7992870 pss_kb=196465 rss_kb=236044
PSS_SAMPLE pass=2 sample=2 mono_ms=7993120 pss_kb=361553 rss_kb=389344
PSS_SAMPLE pass=2 sample=3 mono_ms=7993360 pss_kb=514317 rss_kb=544480
PSS_SAMPLE pass=2 sample=4 mono_ms=7993620 pss_kb=649137 rss_kb=675424
PSS_SAMPLE pass=2 sample=5 mono_ms=7993870 pss_kb=709601 rss_kb=737504
PSS_SAMPLE pass=2 sample=6 mono_ms=7994120 pss_kb=821477 rss_kb=850016
PSS_SAMPLE pass=2 sample=7 mono_ms=7994370 pss_kb=1010197 rss_kb=1039456
PSS_SAMPLE pass=2 sample=8 mono_ms=7994620 pss_kb=1057677 rss_kb=1083888
PSS_SAMPLE pass=2 sample=9 mono_ms=7994870 pss_kb=1072949 rss_kb=1098608
PSS_SAMPLE pass=2 sample=10 mono_ms=7995130 pss_kb=1072949 rss_kb=1098608
PSS_SAMPLE pass=2 sample=11 mono_ms=7995380 pss_kb=1072949 rss_kb=1098608
PSS_SAMPLE pass=2 sample=12 mono_ms=7995620 pss_kb=1072949 rss_kb=1098608
PSS_SAMPLE pass=2 sample=13 mono_ms=7995870 pss_kb=1072949 rss_kb=1098608
PSS_SAMPLE pass=2 sample=14 mono_ms=7996120 pss_kb=1078565 rss_kb=1104356
PSS_SAMPLE pass=2 sample=15 mono_ms=7996360 pss_kb=1080579 rss_kb=1106408
PSS_SAMPLE pass=2 sample=16 mono_ms=7996620 pss_kb=1083059 rss_kb=1108648
PSS_SAMPLE pass=2 sample=17 mono_ms=7996890 pss_kb=1085303 rss_kb=1110932
PSS_SAMPLE pass=2 sample=18 mono_ms=7997140 pss_kb=1086459 rss_kb=1112084
PSS_SAMPLE pass=2 sample=19 mono_ms=7997380 pss_kb=1087499 rss_kb=1112992
PSS_SAMPLE pass=2 sample=20 mono_ms=7997630 pss_kb=1088655 rss_kb=1114380
PSS_SAMPLE pass=2 sample=21 mono_ms=7997870 pss_kb=1089859 rss_kb=1115396
PSS_SAMPLE pass=2 sample=22 mono_ms=7998120 pss_kb=1091031 rss_kb=1116660
PSS_SAMPLE pass=2 sample=23 mono_ms=7998400 pss_kb=1091031 rss_kb=1116660
PSS_SAMPLE pass=2 sample=24 mono_ms=7998620 pss_kb=1092303 rss_kb=1117952
PSS_SAMPLE pass=2 sample=25 mono_ms=7998890 pss_kb=1093555 rss_kb=1119252
PSS_SAMPLE pass=2 sample=26 mono_ms=7999120 pss_kb=1093555 rss_kb=1119252
PSS_SAMPLE pass=2 sample=27 mono_ms=7999380 pss_kb=1094823 rss_kb=1120392
PSS_SAMPLE pass=2 sample=28 mono_ms=7999630 pss_kb=1096151 rss_kb=1121736
PSS_SAMPLE pass=2 sample=29 mono_ms=7999880 pss_kb=1096151 rss_kb=1121736
PSS_SAMPLE pass=2 sample=30 mono_ms=8000130 pss_kb=1097587 rss_kb=1123144
PSS_SAMPLE pass=2 sample=31 mono_ms=8000390 pss_kb=1097587 rss_kb=1123144
PSS_SAMPLE pass=2 sample=32 mono_ms=8000640 pss_kb=1098955 rss_kb=1124720
PSS_SAMPLE pass=2 sample=33 mono_ms=8000880 pss_kb=1098955 rss_kb=1124720
PSS_SAMPLE pass=2 sample=34 mono_ms=8001140 pss_kb=1100287 rss_kb=1125888
PSS_SAMPLE pass=2 sample=35 mono_ms=8001380 pss_kb=1100287 rss_kb=1125888
PSS_SAMPLE pass=2 sample=36 mono_ms=8001630 pss_kb=1101703 rss_kb=1127316
PSS_SAMPLE pass=2 sample=37 mono_ms=8001880 pss_kb=1101703 rss_kb=1127316
PSS_SAMPLE pass=2 sample=38 mono_ms=8002130 pss_kb=1103135 rss_kb=1128840
PSS_SAMPLE pass=2 sample=39 mono_ms=8002380 pss_kb=1103135 rss_kb=1128840
PSS_SAMPLE pass=2 sample=40 mono_ms=8002640 pss_kb=1104679 rss_kb=1130252
PSS_SAMPLE pass=2 sample=41 mono_ms=8002880 pss_kb=1104679 rss_kb=1130252
PSS_SAMPLE pass=2 sample=42 mono_ms=8003130 pss_kb=1104679 rss_kb=1130252
PSS_SAMPLE pass=2 sample=43 mono_ms=8003380 pss_kb=1105831 rss_kb=1131464
PSS_SAMPLE pass=2 sample=44 mono_ms=8003620 pss_kb=1105831 rss_kb=1131464
PSS_SAMPLE pass=2 sample=45 mono_ms=8003890 pss_kb=1103547 rss_kb=1129292
PSS_SAMPLE pass=2 sample=46 mono_ms=8004130 pss_kb=1103635 rss_kb=1129292
PSS_SAMPLE pass=2 sample=47 mono_ms=8004380 pss_kb=1103635 rss_kb=1129292
PSS_SAMPLE pass=2 sample=48 mono_ms=8004640 pss_kb=1103691 rss_kb=1129420
PSS_SAMPLE pass=2 sample=49 mono_ms=8004870 pss_kb=1104015 rss_kb=1129676
PSS_SAMPLE pass=2 sample=50 mono_ms=8005120 pss_kb=1104135 rss_kb=1129772
PSS_SAMPLE pass=2 sample=51 mono_ms=8005360 pss_kb=1104111 rss_kb=1129772
PSS_SAMPLE pass=2 sample=52 mono_ms=8005610 pss_kb=1104135 rss_kb=1129772
PSS_SAMPLE pass=2 sample=53 mono_ms=8005870 pss_kb=1104111 rss_kb=1129772
PSS_SAMPLE pass=2 sample=54 mono_ms=8006130 pss_kb=1104199 rss_kb=1129876
PSS_SAMPLE pass=2 sample=55 mono_ms=8006370 pss_kb=1104203 rss_kb=1129876
PSS_SAMPLE pass=2 sample=56 mono_ms=8006630 pss_kb=1104179 rss_kb=1129876
PSS_SAMPLE pass=2 sample=57 mono_ms=8006880 pss_kb=1104203 rss_kb=1129876
PSS_SAMPLE pass=2 sample=58 mono_ms=8007120 pss_kb=1104179 rss_kb=1129876
PSS_SAMPLE pass=2 sample=59 mono_ms=8007370 pss_kb=1104435 rss_kb=1130080
PSS_SAMPLE pass=2 sample=60 mono_ms=8007620 pss_kb=1104411 rss_kb=1130080
PSS_SAMPLE pass=2 sample=61 mono_ms=8007860 pss_kb=1104411 rss_kb=1130080
PSS_SAMPLE pass=2 sample=62 mono_ms=8008120 pss_kb=1103951 rss_kb=1130188
PSS_SAMPLE pass=2 sample=63 mono_ms=8008360 pss_kb=1104435 rss_kb=1130188
PSS_SAMPLE pass=2 sample=64 mono_ms=8008620 pss_kb=1104459 rss_kb=1130316
PSS_SAMPLE pass=2 sample=65 mono_ms=8008870 pss_kb=1104435 rss_kb=1130316
PSS_SAMPLE pass=2 sample=66 mono_ms=8009120 pss_kb=1104459 rss_kb=1130316
PSS_SAMPLE pass=2 sample=67 mono_ms=8009370 pss_kb=1104487 rss_kb=1130488
PSS_SAMPLE pass=2 sample=68 mono_ms=8009610 pss_kb=1104487 rss_kb=1130488
PSS_SAMPLE pass=2 sample=69 mono_ms=8009890 pss_kb=1104487 rss_kb=1130488
PSS_SAMPLE pass=2 sample=70 mono_ms=8010120 pss_kb=1105547 rss_kb=1131528
PSS_SAMPLE pass=2 sample=71 mono_ms=8010380 pss_kb=1105443 rss_kb=1131416
PSS_SAMPLE pass=2 sample=72 mono_ms=8010620 pss_kb=1105203 rss_kb=1131176
PSS_SAMPLE pass=2 sample=73 mono_ms=8010860 pss_kb=1105179 rss_kb=1131176
PSS_SAMPLE pass=2 sample=74 mono_ms=8011120 pss_kb=1105155 rss_kb=1131176
PSS_SAMPLE pass=2 sample=75 mono_ms=8011380 pss_kb=1105499 rss_kb=1131444
PSS_SAMPLE pass=2 sample=76 mono_ms=8011660 pss_kb=1105295 rss_kb=1131304
PSS_SAMPLE pass=2 sample=77 mono_ms=8011880 pss_kb=1105295 rss_kb=1131304
PSS_SAMPLE pass=2 sample=78 mono_ms=8012110 pss_kb=1105271 rss_kb=1131304
PSS_SAMPLE pass=2 sample=79 mono_ms=8012370 pss_kb=1105667 rss_kb=1131588
PSS_SAMPLE pass=2 sample=80 mono_ms=8012630 pss_kb=1105295 rss_kb=1131376
PSS_SAMPLE pass=2 sample=81 mono_ms=8012870 pss_kb=1105271 rss_kb=1131376
PSS_SAMPLE pass=2 sample=82 mono_ms=8013120 pss_kb=1105295 rss_kb=1131376
PSS_SAMPLE pass=2 sample=83 mono_ms=8013370 pss_kb=1105271 rss_kb=1131376
PSS_SAMPLE pass=2 sample=84 mono_ms=8013610 pss_kb=1105327 rss_kb=1131352
PSS_SAMPLE pass=2 sample=85 mono_ms=8013870 pss_kb=1105303 rss_kb=1131352
PSS_SAMPLE pass=2 sample=86 mono_ms=8014120 pss_kb=1105303 rss_kb=1131352
PSS_SAMPLE pass=2 sample=87 mono_ms=8014370 pss_kb=1105803 rss_kb=1131752
PSS_SAMPLE pass=2 sample=88 mono_ms=8014630 pss_kb=1105801 rss_kb=1131752
PSS_SAMPLE pass=2 sample=89 mono_ms=8014880 pss_kb=1105405 rss_kb=1131252
PSS_SAMPLE pass=2 sample=90 mono_ms=8015120 pss_kb=1105381 rss_kb=1131252
PSS_SAMPLE pass=2 sample=91 mono_ms=8015370 pss_kb=1105405 rss_kb=1131252
PSS_SAMPLE pass=2 sample=92 mono_ms=8015620 pss_kb=1105937 rss_kb=1131732
PSS_SAMPLE pass=2 sample=93 mono_ms=8015870 pss_kb=1105405 rss_kb=1131228
PSS_SAMPLE pass=2 sample=94 mono_ms=8016120 pss_kb=1105381 rss_kb=1131228
PSS_SAMPLE pass=2 sample=95 mono_ms=8016360 pss_kb=1105381 rss_kb=1131228
PSS_SAMPLE pass=2 sample=96 mono_ms=8016630 pss_kb=1105985 rss_kb=1131732
PSS_SAMPLE pass=2 sample=97 mono_ms=8016870 pss_kb=1105405 rss_kb=1132616
PSS_SAMPLE pass=2 sample=98 mono_ms=8017120 pss_kb=1106857 rss_kb=1132616
PSS_SAMPLE pass=2 sample=99 mono_ms=8017380 pss_kb=967249 rss_kb=928112
PSS_SAMPLING_END pass=2 interval_ms=250 samples=100 duration_ms=24770
RUNTIME_COEXIST status=loaded path=/data/local/tmp/dictai-meeting-t8/20260924T203307Z-34202/existing-runtime/libggml-base.so
RUNTIME_COEXIST status=loaded path=/data/local/tmp/dictai-meeting-t8/20260924T203307Z-34202/existing-runtime/libggml-cpu.so
RUNTIME_COEXIST status=loaded path=/data/local/tmp/dictai-meeting-t8/20260924T203307Z-34202/existing-runtime/libggml.so
onnxruntime cpuid_info warning: Unknown CPU vendor. cpuinfo_vendor value: 0
RUNTIME_COEXIST status=loaded path=/data/local/tmp/dictai-meeting-t8/20260924T203307Z-34202/existing-runtime/libonnxruntime.so
RUNTIME_COEXIST status=loaded path=/data/local/tmp/dictai-meeting-t8/20260924T203307Z-34202/existing-runtime/libsherpa-onnx-c-api.so
RUNTIME_COEXIST status=loaded path=/data/local/tmp/dictai-meeting-t8/20260924T203307Z-34202/existing-runtime/libsherpa-onnx-cxx-api.so
RUNTIME_COEXIST status=loaded path=/data/local/tmp/dictai-meeting-t8/20260924T203307Z-34202/existing-runtime/libsherpa-onnx-jni.so
RUNTIME_COEXIST status=loaded path=/data/local/tmp/dictai-meeting-t8/20260924T203307Z-34202/existing-runtime/libtranscribe.so
RUNTIME_COEXIST status=loaded path=/data/local/tmp/dictai-meeting-t8/20260924T203307Z-34202/existing-runtime/libtranscribe_jni.so
RUNTIME_COEXIST_SUMMARY libraries=9 status=ok
AUDIO sample_rate=16000 channels=1 samples=204484 duration_ms=12780
PROCESS_MEMORY stage=audio-loaded rss_kb=50520 peak_rss_kb=50848
BENCH_CONFIG pass=2 variant=both language=fr gpu=-1 log_status=0 punctuation=1 max_speakers=8 interim=1 endpoint=1 token_silence_ms=800 force_endpoint_ms=30000 cadence=realtime chunk_ms=160
BENCH_MODEL_LOAD pass=2 variant=both elapsed_ms=119
BENCH_WARMUP pass=2 variant=both elapsed_ms=10950 speakers=8
BENCH_TIMING_CHECK pass=2 origin=audio_capture_origin status=ok first_due_us=160000 expected_first_due_us=160000 last_due_us=12780250 expected_last_due_us=12780250
BENCH_PASS_BEGIN pass=2 variant=both stream_clock=audio_capture_origin total_ms=12780
RESULT pass=2 phase=interim revision=1 utterance_id=1 mono_ms=1010 stable_speaker_ms=0 word_count=0
RESULT pass=2 phase=interim revision=2 utterance_id=1 mono_ms=1161 stable_speaker_ms=0 word_count=0
RESULT pass=2 phase=interim revision=3 utterance_id=1 mono_ms=1401 stable_speaker_ms=1039 word_count=0
RESULT pass=2 phase=interim revision=4 utterance_id=1 mono_ms=1487 stable_speaker_ms=1039 word_count=1
WORD pass=2 revision=4 utterance_id=1 word_index=0 start_ms=640 end_ms=800 speaker_tag=1 word="Bonjour,"
RESULT pass=2 phase=interim revision=5 utterance_id=1 mono_ms=1643 stable_speaker_ms=1039 word_count=1
WORD pass=2 revision=5 utterance_id=1 word_index=0 start_ms=640 end_ms=800 speaker_tag=1 word="Bonjour,"
RESULT pass=2 phase=interim revision=6 utterance_id=1 mono_ms=1856 stable_speaker_ms=1039 word_count=3
WORD pass=2 revision=6 utterance_id=1 word_index=0 start_ms=640 end_ms=800 speaker_tag=1 word="Bonjour,"
WORD pass=2 revision=6 utterance_id=1 word_index=1 start_ms=1120 end_ms=1440 speaker_tag=1 word="ouvrons"
WORD pass=2 revision=6 utterance_id=1 word_index=2 start_ms=1440 end_ms=1520 speaker_tag=1 word="la"
RESULT pass=2 phase=interim revision=7 utterance_id=1 mono_ms=1975 stable_speaker_ms=1039 word_count=3
WORD pass=2 revision=7 utterance_id=1 word_index=0 start_ms=640 end_ms=800 speaker_tag=1 word="Bonjour,"
WORD pass=2 revision=7 utterance_id=1 word_index=1 start_ms=1120 end_ms=1440 speaker_tag=1 word="ouvrons"
WORD pass=2 revision=7 utterance_id=1 word_index=2 start_ms=1440 end_ms=1520 speaker_tag=1 word="la"
RESULT pass=2 phase=interim revision=8 utterance_id=1 mono_ms=2142 stable_speaker_ms=1039 word_count=4
WORD pass=2 revision=8 utterance_id=1 word_index=0 start_ms=640 end_ms=800 speaker_tag=1 word="Bonjour,"
WORD pass=2 revision=8 utterance_id=1 word_index=1 start_ms=1120 end_ms=1440 speaker_tag=1 word="ouvrons"
WORD pass=2 revision=8 utterance_id=1 word_index=2 start_ms=1440 end_ms=1520 speaker_tag=1 word="la"
WORD pass=2 revision=8 utterance_id=1 word_index=3 start_ms=1520 end_ms=1760 speaker_tag=1 word="réunion"
RESULT pass=2 phase=interim revision=9 utterance_id=1 mono_ms=2383 stable_speaker_ms=2079 word_count=5
WORD pass=2 revision=9 utterance_id=1 word_index=0 start_ms=640 end_ms=800 speaker_tag=1 word="Bonjour,"
WORD pass=2 revision=9 utterance_id=1 word_index=1 start_ms=1120 end_ms=1440 speaker_tag=1 word="ouvrons"
WORD pass=2 revision=9 utterance_id=1 word_index=2 start_ms=1440 end_ms=1520 speaker_tag=1 word="la"
WORD pass=2 revision=9 utterance_id=1 word_index=3 start_ms=1520 end_ms=1760 speaker_tag=1 word="réunion"
WORD pass=2 revision=9 utterance_id=1 word_index=4 start_ms=1840 end_ms=1920 speaker_tag=1 word="de"
RESULT pass=2 phase=interim revision=10 utterance_id=1 mono_ms=2442 stable_speaker_ms=2079 word_count=6
WORD pass=2 revision=10 utterance_id=1 word_index=0 start_ms=640 end_ms=800 speaker_tag=1 word="Bonjour,"
WORD pass=2 revision=10 utterance_id=1 word_index=1 start_ms=1120 end_ms=1440 speaker_tag=1 word="ouvrons"
WORD pass=2 revision=10 utterance_id=1 word_index=2 start_ms=1440 end_ms=1520 speaker_tag=1 word="la"
WORD pass=2 revision=10 utterance_id=1 word_index=3 start_ms=1520 end_ms=1760 speaker_tag=1 word="réunion"
WORD pass=2 revision=10 utterance_id=1 word_index=4 start_ms=1840 end_ms=1920 speaker_tag=1 word="de"
WORD pass=2 revision=10 utterance_id=1 word_index=5 start_ms=2000 end_ms=2080 speaker_tag=1 word="la"
RESULT pass=2 phase=interim revision=11 utterance_id=1 mono_ms=2653 stable_speaker_ms=2079 word_count=6
WORD pass=2 revision=11 utterance_id=1 word_index=0 start_ms=640 end_ms=800 speaker_tag=1 word="Bonjour,"
WORD pass=2 revision=11 utterance_id=1 word_index=1 start_ms=1120 end_ms=1440 speaker_tag=1 word="ouvrons"
WORD pass=2 revision=11 utterance_id=1 word_index=2 start_ms=1440 end_ms=1520 speaker_tag=1 word="la"
WORD pass=2 revision=11 utterance_id=1 word_index=3 start_ms=1520 end_ms=1760 speaker_tag=1 word="réunion"
WORD pass=2 revision=11 utterance_id=1 word_index=4 start_ms=1840 end_ms=1920 speaker_tag=1 word="de"
WORD pass=2 revision=11 utterance_id=1 word_index=5 start_ms=2000 end_ms=2080 speaker_tag=1 word="la"
RESULT pass=2 phase=interim revision=12 utterance_id=1 mono_ms=2768 stable_speaker_ms=2079 word_count=6
WORD pass=2 revision=12 utterance_id=1 word_index=0 start_ms=640 end_ms=800 speaker_tag=1 word="Bonjour,"
WORD pass=2 revision=12 utterance_id=1 word_index=1 start_ms=1120 end_ms=1440 speaker_tag=1 word="ouvrons"
WORD pass=2 revision=12 utterance_id=1 word_index=2 start_ms=1440 end_ms=1520 speaker_tag=1 word="la"
WORD pass=2 revision=12 utterance_id=1 word_index=3 start_ms=1520 end_ms=1760 speaker_tag=1 word="réunion"
WORD pass=2 revision=12 utterance_id=1 word_index=4 start_ms=1840 end_ms=1920 speaker_tag=1 word="de"
WORD pass=2 revision=12 utterance_id=1 word_index=5 start_ms=2000 end_ms=2080 speaker_tag=1 word="la"
RESULT pass=2 phase=interim revision=13 utterance_id=1 mono_ms=3043 stable_speaker_ms=2079 word_count=6
WORD pass=2 revision=13 utterance_id=1 word_index=0 start_ms=640 end_ms=800 speaker_tag=1 word="Bonjour,"
WORD pass=2 revision=13 utterance_id=1 word_index=1 start_ms=1120 end_ms=1440 speaker_tag=1 word="ouvrons"
WORD pass=2 revision=13 utterance_id=1 word_index=2 start_ms=1440 end_ms=1520 speaker_tag=1 word="la"
WORD pass=2 revision=13 utterance_id=1 word_index=3 start_ms=1520 end_ms=1760 speaker_tag=1 word="réunion"
WORD pass=2 revision=13 utterance_id=1 word_index=4 start_ms=1840 end_ms=1920 speaker_tag=1 word="de"
WORD pass=2 revision=13 utterance_id=1 word_index=5 start_ms=2000 end_ms=2080 speaker_tag=1 word="la"
RESULT pass=2 phase=interim revision=14 utterance_id=1 mono_ms=3129 stable_speaker_ms=2079 word_count=6
WORD pass=2 revision=14 utterance_id=1 word_index=0 start_ms=640 end_ms=800 speaker_tag=1 word="Bonjour,"
WORD pass=2 revision=14 utterance_id=1 word_index=1 start_ms=1120 end_ms=1440 speaker_tag=1 word="ouvrons"
WORD pass=2 revision=14 utterance_id=1 word_index=2 start_ms=1440 end_ms=1520 speaker_tag=1 word="la"
WORD pass=2 revision=14 utterance_id=1 word_index=3 start_ms=1520 end_ms=1760 speaker_tag=1 word="réunion"
WORD pass=2 revision=14 utterance_id=1 word_index=4 start_ms=1840 end_ms=1920 speaker_tag=1 word="de"
WORD pass=2 revision=14 utterance_id=1 word_index=5 start_ms=2000 end_ms=2080 speaker_tag=1 word="la"
RESULT pass=2 phase=interim revision=15 utterance_id=1 mono_ms=3247 stable_speaker_ms=2079 word_count=6
WORD pass=2 revision=15 utterance_id=1 word_index=0 start_ms=640 end_ms=800 speaker_tag=1 word="Bonjour,"
WORD pass=2 revision=15 utterance_id=1 word_index=1 start_ms=1120 end_ms=1440 speaker_tag=1 word="ouvrons"
WORD pass=2 revision=15 utterance_id=1 word_index=2 start_ms=1440 end_ms=1520 speaker_tag=1 word="la"
WORD pass=2 revision=15 utterance_id=1 word_index=3 start_ms=1520 end_ms=1760 speaker_tag=1 word="réunion"
WORD pass=2 revision=15 utterance_id=1 word_index=4 start_ms=1840 end_ms=1920 speaker_tag=1 word="de"
WORD pass=2 revision=15 utterance_id=1 word_index=5 start_ms=2000 end_ms=2080 speaker_tag=1 word="la"
RESULT pass=2 phase=final_initial revision=16 utterance_id=1 mono_ms=3468 stable_speaker_ms=3119 word_count=7
WORD pass=2 revision=16 utterance_id=1 word_index=0 start_ms=640 end_ms=800 speaker_tag=1 word="Bonjour,"
WORD pass=2 revision=16 utterance_id=1 word_index=1 start_ms=1120 end_ms=1440 speaker_tag=1 word="ouvrons"
WORD pass=2 revision=16 utterance_id=1 word_index=2 start_ms=1440 end_ms=1520 speaker_tag=1 word="la"
WORD pass=2 revision=16 utterance_id=1 word_index=3 start_ms=1520 end_ms=1760 speaker_tag=1 word="réunion"
WORD pass=2 revision=16 utterance_id=1 word_index=4 start_ms=1840 end_ms=1920 speaker_tag=1 word="de"
WORD pass=2 revision=16 utterance_id=1 word_index=5 start_ms=2000 end_ms=2080 speaker_tag=1 word="la"
WORD pass=2 revision=16 utterance_id=1 word_index=6 start_ms=2160 end_ms=2320 speaker_tag=1 word="semaine"
RESULT pass=2 phase=final_refresh revision=17 utterance_id=1 mono_ms=3468 stable_speaker_ms=3119 word_count=7
WORD pass=2 revision=17 utterance_id=1 word_index=0 start_ms=640 end_ms=800 speaker_tag=1 word="Bonjour,"
WORD pass=2 revision=17 utterance_id=1 word_index=1 start_ms=1120 end_ms=1440 speaker_tag=1 word="ouvrons"
WORD pass=2 revision=17 utterance_id=1 word_index=2 start_ms=1440 end_ms=1520 speaker_tag=1 word="la"
WORD pass=2 revision=17 utterance_id=1 word_index=3 start_ms=1520 end_ms=1760 speaker_tag=1 word="réunion"
WORD pass=2 revision=17 utterance_id=1 word_index=4 start_ms=1840 end_ms=1920 speaker_tag=1 word="de"
WORD pass=2 revision=17 utterance_id=1 word_index=5 start_ms=2000 end_ms=2080 speaker_tag=1 word="la"
WORD pass=2 revision=17 utterance_id=1 word_index=6 start_ms=2160 end_ms=2320 speaker_tag=1 word="semaine"
RESULT pass=2 phase=interim revision=1 utterance_id=2 mono_ms=3727 stable_speaker_ms=3119 word_count=0
RESULT pass=2 phase=interim revision=2 utterance_id=2 mono_ms=3896 stable_speaker_ms=3119 word_count=1
WORD pass=2 revision=2 utterance_id=2 word_index=0 start_ms=3360 end_ms=3440 speaker_tag=2 word="je"
RESULT pass=2 phase=interim revision=3 utterance_id=2 mono_ms=4050 stable_speaker_ms=3119 word_count=1
WORD pass=2 revision=3 utterance_id=2 word_index=0 start_ms=3360 end_ms=3440 speaker_tag=2 word="je"
RESULT pass=2 phase=interim revision=4 utterance_id=2 mono_ms=4205 stable_speaker_ms=3119 word_count=1
WORD pass=2 revision=4 utterance_id=2 word_index=0 start_ms=3360 end_ms=3440 speaker_tag=2 word="je"
RESULT pass=2 phase=interim revision=5 utterance_id=2 mono_ms=4482 stable_speaker_ms=4159 word_count=2
WORD pass=2 revision=5 utterance_id=2 word_index=0 start_ms=3360 end_ms=3440 speaker_tag=2 word="je"
WORD pass=2 revision=5 utterance_id=2 word_index=1 start_ms=3600 end_ms=3840 speaker_tag=2 word="propose"
RESULT pass=2 phase=interim revision=6 utterance_id=2 mono_ms=4522 stable_speaker_ms=4159 word_count=2
WORD pass=2 revision=6 utterance_id=2 word_index=0 start_ms=3360 end_ms=3440 speaker_tag=2 word="je"
WORD pass=2 revision=6 utterance_id=2 word_index=1 start_ms=3600 end_ms=3840 speaker_tag=2 word="propose"
RESULT pass=2 phase=interim revision=7 utterance_id=2 mono_ms=4685 stable_speaker_ms=4159 word_count=3
WORD pass=2 revision=7 utterance_id=2 word_index=0 start_ms=3360 end_ms=3440 speaker_tag=2 word="je"
WORD pass=2 revision=7 utterance_id=2 word_index=1 start_ms=3600 end_ms=3840 speaker_tag=2 word="propose"
WORD pass=2 revision=7 utterance_id=2 word_index=2 start_ms=4000 end_ms=4160 speaker_tag=2 word="jeudi"
RESULT pass=2 phase=interim revision=8 utterance_id=2 mono_ms=4894 stable_speaker_ms=4159 word_count=3
WORD pass=2 revision=8 utterance_id=2 word_index=0 start_ms=3360 end_ms=3440 speaker_tag=2 word="je"
WORD pass=2 revision=8 utterance_id=2 word_index=1 start_ms=3600 end_ms=3840 speaker_tag=2 word="propose"
WORD pass=2 revision=8 utterance_id=2 word_index=2 start_ms=4000 end_ms=4160 speaker_tag=2 word="jeudi"
RESULT pass=2 phase=interim revision=9 utterance_id=2 mono_ms=5004 stable_speaker_ms=4159 word_count=4
WORD pass=2 revision=9 utterance_id=2 word_index=0 start_ms=3360 end_ms=3440 speaker_tag=2 word="je"
WORD pass=2 revision=9 utterance_id=2 word_index=1 start_ms=3600 end_ms=3840 speaker_tag=2 word="propose"
WORD pass=2 revision=9 utterance_id=2 word_index=2 start_ms=4000 end_ms=4160 speaker_tag=2 word="jeudi"
WORD pass=2 revision=9 utterance_id=2 word_index=3 start_ms=4400 end_ms=4560 speaker_tag=2 word="matin"
RESULT pass=2 phase=interim revision=10 utterance_id=2 mono_ms=5168 stable_speaker_ms=4159 word_count=5
WORD pass=2 revision=10 utterance_id=2 word_index=0 start_ms=3360 end_ms=3440 speaker_tag=2 word="je"
WORD pass=2 revision=10 utterance_id=2 word_index=1 start_ms=3600 end_ms=3840 speaker_tag=2 word="propose"
WORD pass=2 revision=10 utterance_id=2 word_index=2 start_ms=4000 end_ms=4160 speaker_tag=2 word="jeudi"
WORD pass=2 revision=10 utterance_id=2 word_index=3 start_ms=4400 end_ms=4560 speaker_tag=2 word="matin"
WORD pass=2 revision=10 utterance_id=2 word_index=4 start_ms=4720 end_ms=4800 speaker_tag=2 word="pour"
RESULT pass=2 phase=interim revision=11 utterance_id=2 mono_ms=5372 stable_speaker_ms=4159 word_count=6
WORD pass=2 revision=11 utterance_id=2 word_index=0 start_ms=3360 end_ms=3440 speaker_tag=2 word="je"
WORD pass=2 revision=11 utterance_id=2 word_index=1 start_ms=3600 end_ms=3840 speaker_tag=2 word="propose"
WORD pass=2 revision=11 utterance_id=2 word_index=2 start_ms=4000 end_ms=4160 speaker_tag=2 word="jeudi"
WORD pass=2 revision=11 utterance_id=2 word_index=3 start_ms=4400 end_ms=4560 speaker_tag=2 word="matin"
WORD pass=2 revision=11 utterance_id=2 word_index=4 start_ms=4720 end_ms=4800 speaker_tag=2 word="pour"
WORD pass=2 revision=11 utterance_id=2 word_index=5 start_ms=4800 end_ms=4880 speaker_tag=2 word="le"
RESULT pass=2 phase=interim revision=12 utterance_id=2 mono_ms=5642 stable_speaker_ms=5199 word_count=6
WORD pass=2 revision=12 utterance_id=2 word_index=0 start_ms=3360 end_ms=3440 speaker_tag=2 word="je"
WORD pass=2 revision=12 utterance_id=2 word_index=1 start_ms=3600 end_ms=3840 speaker_tag=2 word="propose"
WORD pass=2 revision=12 utterance_id=2 word_index=2 start_ms=4000 end_ms=4160 speaker_tag=2 word="jeudi"
WORD pass=2 revision=12 utterance_id=2 word_index=3 start_ms=4400 end_ms=4560 speaker_tag=2 word="matin"
WORD pass=2 revision=12 utterance_id=2 word_index=4 start_ms=4720 end_ms=4800 speaker_tag=2 word="pour"
WORD pass=2 revision=12 utterance_id=2 word_index=5 start_ms=4800 end_ms=4880 speaker_tag=2 word="le"
RESULT pass=2 phase=interim revision=13 utterance_id=2 mono_ms=5695 stable_speaker_ms=5199 word_count=6
WORD pass=2 revision=13 utterance_id=2 word_index=0 start_ms=3360 end_ms=3440 speaker_tag=2 word="je"
WORD pass=2 revision=13 utterance_id=2 word_index=1 start_ms=3600 end_ms=3840 speaker_tag=2 word="propose"
WORD pass=2 revision=13 utterance_id=2 word_index=2 start_ms=4000 end_ms=4160 speaker_tag=2 word="jeudi"
WORD pass=2 revision=13 utterance_id=2 word_index=3 start_ms=4400 end_ms=4560 speaker_tag=2 word="matin"
WORD pass=2 revision=13 utterance_id=2 word_index=4 start_ms=4720 end_ms=4800 speaker_tag=2 word="pour"
WORD pass=2 revision=13 utterance_id=2 word_index=5 start_ms=4800 end_ms=4880 speaker_tag=2 word="le"
RESULT pass=2 phase=interim revision=14 utterance_id=2 mono_ms=5854 stable_speaker_ms=5199 word_count=6
WORD pass=2 revision=14 utterance_id=2 word_index=0 start_ms=3360 end_ms=3440 speaker_tag=2 word="je"
WORD pass=2 revision=14 utterance_id=2 word_index=1 start_ms=3600 end_ms=3840 speaker_tag=2 word="propose"
WORD pass=2 revision=14 utterance_id=2 word_index=2 start_ms=4000 end_ms=4160 speaker_tag=2 word="jeudi"
WORD pass=2 revision=14 utterance_id=2 word_index=3 start_ms=4400 end_ms=4560 speaker_tag=2 word="matin"
WORD pass=2 revision=14 utterance_id=2 word_index=4 start_ms=4720 end_ms=4800 speaker_tag=2 word="pour"
WORD pass=2 revision=14 utterance_id=2 word_index=5 start_ms=4800 end_ms=4880 speaker_tag=2 word="le"
RESULT pass=2 phase=interim revision=15 utterance_id=2 mono_ms=6101 stable_speaker_ms=5199 word_count=6
WORD pass=2 revision=15 utterance_id=2 word_index=0 start_ms=3360 end_ms=3440 speaker_tag=2 word="je"
WORD pass=2 revision=15 utterance_id=2 word_index=1 start_ms=3600 end_ms=3840 speaker_tag=2 word="propose"
WORD pass=2 revision=15 utterance_id=2 word_index=2 start_ms=4000 end_ms=4160 speaker_tag=2 word="jeudi"
WORD pass=2 revision=15 utterance_id=2 word_index=3 start_ms=4400 end_ms=4560 speaker_tag=2 word="matin"
WORD pass=2 revision=15 utterance_id=2 word_index=4 start_ms=4720 end_ms=4800 speaker_tag=2 word="pour"
WORD pass=2 revision=15 utterance_id=2 word_index=5 start_ms=4800 end_ms=4880 speaker_tag=2 word="le"
RESULT pass=2 phase=interim revision=16 utterance_id=2 mono_ms=6172 stable_speaker_ms=5199 word_count=6
WORD pass=2 revision=16 utterance_id=2 word_index=0 start_ms=3360 end_ms=3440 speaker_tag=2 word="je"
WORD pass=2 revision=16 utterance_id=2 word_index=1 start_ms=3600 end_ms=3840 speaker_tag=2 word="propose"
WORD pass=2 revision=16 utterance_id=2 word_index=2 start_ms=4000 end_ms=4160 speaker_tag=2 word="jeudi"
WORD pass=2 revision=16 utterance_id=2 word_index=3 start_ms=4400 end_ms=4560 speaker_tag=2 word="matin"
WORD pass=2 revision=16 utterance_id=2 word_index=4 start_ms=4720 end_ms=4800 speaker_tag=2 word="pour"
WORD pass=2 revision=16 utterance_id=2 word_index=5 start_ms=4800 end_ms=4880 speaker_tag=2 word="le"
RESULT pass=2 phase=final_initial revision=17 utterance_id=2 mono_ms=6514 stable_speaker_ms=5199 word_count=7
WORD pass=2 revision=17 utterance_id=2 word_index=0 start_ms=3360 end_ms=3440 speaker_tag=2 word="je"
WORD pass=2 revision=17 utterance_id=2 word_index=1 start_ms=3600 end_ms=3840 speaker_tag=2 word="propose"
WORD pass=2 revision=17 utterance_id=2 word_index=2 start_ms=4000 end_ms=4160 speaker_tag=2 word="jeudi"
WORD pass=2 revision=17 utterance_id=2 word_index=3 start_ms=4400 end_ms=4560 speaker_tag=2 word="matin"
WORD pass=2 revision=17 utterance_id=2 word_index=4 start_ms=4720 end_ms=4800 speaker_tag=2 word="pour"
WORD pass=2 revision=17 utterance_id=2 word_index=5 start_ms=4800 end_ms=4880 speaker_tag=2 word="le"
WORD pass=2 revision=17 utterance_id=2 word_index=6 start_ms=5040 end_ms=5200 speaker_tag=2 word="suivi"
RESULT pass=2 phase=final_refresh revision=18 utterance_id=2 mono_ms=6514 stable_speaker_ms=5199 word_count=7
WORD pass=2 revision=18 utterance_id=2 word_index=0 start_ms=3360 end_ms=3440 speaker_tag=2 word="je"
WORD pass=2 revision=18 utterance_id=2 word_index=1 start_ms=3600 end_ms=3840 speaker_tag=2 word="propose"
WORD pass=2 revision=18 utterance_id=2 word_index=2 start_ms=4000 end_ms=4160 speaker_tag=2 word="jeudi"
WORD pass=2 revision=18 utterance_id=2 word_index=3 start_ms=4400 end_ms=4560 speaker_tag=2 word="matin"
WORD pass=2 revision=18 utterance_id=2 word_index=4 start_ms=4720 end_ms=4800 speaker_tag=2 word="pour"
WORD pass=2 revision=18 utterance_id=2 word_index=5 start_ms=4800 end_ms=4880 speaker_tag=2 word="le"
WORD pass=2 revision=18 utterance_id=2 word_index=6 start_ms=5040 end_ms=5200 speaker_tag=2 word="suivi"
RESULT pass=2 phase=final_refresh revision=19 utterance_id=2 mono_ms=6779 stable_speaker_ms=6239 word_count=7
WORD pass=2 revision=19 utterance_id=2 word_index=0 start_ms=3360 end_ms=3440 speaker_tag=2 word="je"
WORD pass=2 revision=19 utterance_id=2 word_index=1 start_ms=3600 end_ms=3840 speaker_tag=2 word="propose"
WORD pass=2 revision=19 utterance_id=2 word_index=2 start_ms=4000 end_ms=4160 speaker_tag=2 word="jeudi"
WORD pass=2 revision=19 utterance_id=2 word_index=3 start_ms=4400 end_ms=4560 speaker_tag=2 word="matin"
WORD pass=2 revision=19 utterance_id=2 word_index=4 start_ms=4720 end_ms=4800 speaker_tag=2 word="pour"
WORD pass=2 revision=19 utterance_id=2 word_index=5 start_ms=4800 end_ms=4880 speaker_tag=2 word="le"
WORD pass=2 revision=19 utterance_id=2 word_index=6 start_ms=5040 end_ms=5200 speaker_tag=2 word="suivi"
RESULT pass=2 phase=interim revision=1 utterance_id=3 mono_ms=6898 stable_speaker_ms=6239 word_count=0
RESULT pass=2 phase=interim revision=2 utterance_id=3 mono_ms=6950 stable_speaker_ms=6239 word_count=0
RESULT pass=2 phase=interim revision=3 utterance_id=3 mono_ms=6999 stable_speaker_ms=6239 word_count=0
RESULT pass=2 phase=interim revision=4 utterance_id=3 mono_ms=7136 stable_speaker_ms=6239 word_count=0
RESULT pass=2 phase=interim revision=5 utterance_id=3 mono_ms=7244 stable_speaker_ms=6239 word_count=0
RESULT pass=2 phase=interim revision=6 utterance_id=3 mono_ms=7423 stable_speaker_ms=6239 word_count=1
WORD pass=2 revision=6 utterance_id=3 word_index=0 start_ms=6240 end_ms=6400 speaker_tag=3 word="d'accord,"
RESULT pass=2 phase=interim revision=7 utterance_id=3 mono_ms=7801 stable_speaker_ms=7279 word_count=2
WORD pass=2 revision=7 utterance_id=3 word_index=0 start_ms=6240 end_ms=6400 speaker_tag=3 word="d'accord,"
WORD pass=2 revision=7 utterance_id=3 word_index=1 start_ms=7040 end_ms=7120 speaker_tag=3 word="je"
RESULT pass=2 phase=interim revision=8 utterance_id=3 mono_ms=7953 stable_speaker_ms=7279 word_count=2
WORD pass=2 revision=8 utterance_id=3 word_index=0 start_ms=6240 end_ms=6400 speaker_tag=3 word="d'accord,"
WORD pass=2 revision=8 utterance_id=3 word_index=1 start_ms=7040 end_ms=7120 speaker_tag=3 word="je"
RESULT pass=2 phase=interim revision=9 utterance_id=3 mono_ms=8006 stable_speaker_ms=7279 word_count=2
WORD pass=2 revision=9 utterance_id=3 word_index=0 start_ms=6240 end_ms=6400 speaker_tag=3 word="d'accord,"
WORD pass=2 revision=9 utterance_id=3 word_index=1 start_ms=7040 end_ms=7120 speaker_tag=3 word="je"
RESULT pass=2 phase=interim revision=10 utterance_id=3 mono_ms=8162 stable_speaker_ms=7279 word_count=4
WORD pass=2 revision=10 utterance_id=3 word_index=0 start_ms=6240 end_ms=6400 speaker_tag=3 word="d'accord,"
WORD pass=2 revision=10 utterance_id=3 word_index=1 start_ms=7040 end_ms=7120 speaker_tag=3 word="je"
WORD pass=2 revision=10 utterance_id=3 word_index=2 start_ms=7200 end_ms=7520 speaker_tag=3 word="prépare"
WORD pass=2 revision=10 utterance_id=3 word_index=3 start_ms=7680 end_ms=7760 speaker_tag=3 word="la"
RESULT pass=2 phase=interim revision=11 utterance_id=3 mono_ms=8214 stable_speaker_ms=7279 word_count=4
WORD pass=2 revision=11 utterance_id=3 word_index=0 start_ms=6240 end_ms=6400 speaker_tag=3 word="d'accord,"
WORD pass=2 revision=11 utterance_id=3 word_index=1 start_ms=7040 end_ms=7120 speaker_tag=3 word="je"
WORD pass=2 revision=11 utterance_id=3 word_index=2 start_ms=7200 end_ms=7520 speaker_tag=3 word="prépare"
WORD pass=2 revision=11 utterance_id=3 word_index=3 start_ms=7680 end_ms=7760 speaker_tag=3 word="la"
RESULT pass=2 phase=interim revision=12 utterance_id=3 mono_ms=8424 stable_speaker_ms=7279 word_count=4
WORD pass=2 revision=12 utterance_id=3 word_index=0 start_ms=6240 end_ms=6400 speaker_tag=3 word="d'accord,"
WORD pass=2 revision=12 utterance_id=3 word_index=1 start_ms=7040 end_ms=7120 speaker_tag=3 word="je"
WORD pass=2 revision=12 utterance_id=3 word_index=2 start_ms=7200 end_ms=7520 speaker_tag=3 word="prépare"
WORD pass=2 revision=12 utterance_id=3 word_index=3 start_ms=7680 end_ms=7760 speaker_tag=3 word="la"
RESULT pass=2 phase=interim revision=13 utterance_id=3 mono_ms=8802 stable_speaker_ms=8319 word_count=4
WORD pass=2 revision=13 utterance_id=3 word_index=0 start_ms=6240 end_ms=6400 speaker_tag=3 word="d'accord,"
WORD pass=2 revision=13 utterance_id=3 word_index=1 start_ms=7040 end_ms=7120 speaker_tag=3 word="je"
WORD pass=2 revision=13 utterance_id=3 word_index=2 start_ms=7200 end_ms=7520 speaker_tag=3 word="prépare"
WORD pass=2 revision=13 utterance_id=3 word_index=3 start_ms=7680 end_ms=7760 speaker_tag=3 word="la"
RESULT pass=2 phase=interim revision=14 utterance_id=3 mono_ms=8885 stable_speaker_ms=8319 word_count=4
WORD pass=2 revision=14 utterance_id=3 word_index=0 start_ms=6240 end_ms=6400 speaker_tag=3 word="d'accord,"
WORD pass=2 revision=14 utterance_id=3 word_index=1 start_ms=7040 end_ms=7120 speaker_tag=3 word="je"
WORD pass=2 revision=14 utterance_id=3 word_index=2 start_ms=7200 end_ms=7520 speaker_tag=3 word="prépare"
WORD pass=2 revision=14 utterance_id=3 word_index=3 start_ms=7680 end_ms=7760 speaker_tag=3 word="la"
RESULT pass=2 phase=interim revision=15 utterance_id=3 mono_ms=8935 stable_speaker_ms=8319 word_count=4
WORD pass=2 revision=15 utterance_id=3 word_index=0 start_ms=6240 end_ms=6400 speaker_tag=3 word="d'accord,"
WORD pass=2 revision=15 utterance_id=3 word_index=1 start_ms=7040 end_ms=7120 speaker_tag=3 word="je"
WORD pass=2 revision=15 utterance_id=3 word_index=2 start_ms=7200 end_ms=7520 speaker_tag=3 word="prépare"
WORD pass=2 revision=15 utterance_id=3 word_index=3 start_ms=7680 end_ms=7760 speaker_tag=3 word="la"
RESULT pass=2 phase=interim revision=16 utterance_id=3 mono_ms=9019 stable_speaker_ms=8319 word_count=4
WORD pass=2 revision=16 utterance_id=3 word_index=0 start_ms=6240 end_ms=6400 speaker_tag=3 word="d'accord,"
WORD pass=2 revision=16 utterance_id=3 word_index=1 start_ms=7040 end_ms=7120 speaker_tag=3 word="je"
WORD pass=2 revision=16 utterance_id=3 word_index=2 start_ms=7200 end_ms=7520 speaker_tag=3 word="prépare"
WORD pass=2 revision=16 utterance_id=3 word_index=3 start_ms=7680 end_ms=7760 speaker_tag=3 word="la"
RESULT pass=2 phase=interim revision=17 utterance_id=3 mono_ms=9163 stable_speaker_ms=8319 word_count=4
WORD pass=2 revision=17 utterance_id=3 word_index=0 start_ms=6240 end_ms=6400 speaker_tag=3 word="d'accord,"
WORD pass=2 revision=17 utterance_id=3 word_index=1 start_ms=7040 end_ms=7120 speaker_tag=3 word="je"
WORD pass=2 revision=17 utterance_id=3 word_index=2 start_ms=7200 end_ms=7520 speaker_tag=3 word="prépare"
WORD pass=2 revision=17 utterance_id=3 word_index=3 start_ms=7680 end_ms=7760 speaker_tag=3 word="la"
RESULT pass=2 phase=final_initial revision=18 utterance_id=3 mono_ms=9373 stable_speaker_ms=8319 word_count=5
WORD pass=2 revision=18 utterance_id=3 word_index=0 start_ms=6240 end_ms=6400 speaker_tag=3 word="d'accord,"
WORD pass=2 revision=18 utterance_id=3 word_index=1 start_ms=7040 end_ms=7120 speaker_tag=3 word="je"
WORD pass=2 revision=18 utterance_id=3 word_index=2 start_ms=7200 end_ms=7520 speaker_tag=3 word="prépare"
WORD pass=2 revision=18 utterance_id=3 word_index=3 start_ms=7680 end_ms=7760 speaker_tag=3 word="la"
WORD pass=2 revision=18 utterance_id=3 word_index=4 start_ms=7760 end_ms=8240 speaker_tag=3 word="synthèse"
RESULT pass=2 phase=final_refresh revision=19 utterance_id=3 mono_ms=9373 stable_speaker_ms=8319 word_count=5
WORD pass=2 revision=19 utterance_id=3 word_index=0 start_ms=6240 end_ms=6400 speaker_tag=3 word="d'accord,"
WORD pass=2 revision=19 utterance_id=3 word_index=1 start_ms=7040 end_ms=7120 speaker_tag=3 word="je"
WORD pass=2 revision=19 utterance_id=3 word_index=2 start_ms=7200 end_ms=7520 speaker_tag=3 word="prépare"
WORD pass=2 revision=19 utterance_id=3 word_index=3 start_ms=7680 end_ms=7760 speaker_tag=3 word="la"
WORD pass=2 revision=19 utterance_id=3 word_index=4 start_ms=7760 end_ms=8240 speaker_tag=3 word="synthèse"
RESULT pass=2 phase=interim revision=1 utterance_id=4 mono_ms=10297 stable_speaker_ms=9359 word_count=0
RESULT pass=2 phase=interim revision=2 utterance_id=4 mono_ms=10446 stable_speaker_ms=9359 word_count=1
WORD pass=2 revision=2 utterance_id=4 word_index=0 start_ms=10000 end_ms=10080 speaker_tag=1 word="nous"
RESULT pass=2 phase=interim revision=3 utterance_id=4 mono_ms=10948 stable_speaker_ms=10399 word_count=1
WORD pass=2 revision=3 utterance_id=4 word_index=0 start_ms=10000 end_ms=10080 speaker_tag=1 word="nous"
RESULT pass=2 phase=interim revision=4 utterance_id=4 mono_ms=10988 stable_speaker_ms=10399 word_count=1
WORD pass=2 revision=4 utterance_id=4 word_index=0 start_ms=10000 end_ms=10080 speaker_tag=1 word="nous"
RESULT pass=2 phase=interim revision=5 utterance_id=4 mono_ms=11033 stable_speaker_ms=10399 word_count=2
WORD pass=2 revision=5 utterance_id=4 word_index=0 start_ms=10000 end_ms=10080 speaker_tag=1 word="nous"
WORD pass=2 revision=5 utterance_id=4 word_index=1 start_ms=10080 end_ms=10480 speaker_tag=1 word="reprenons"
RESULT pass=2 phase=interim revision=6 utterance_id=4 mono_ms=11113 stable_speaker_ms=10399 word_count=2
WORD pass=2 revision=6 utterance_id=4 word_index=0 start_ms=10000 end_ms=10080 speaker_tag=1 word="nous"
WORD pass=2 revision=6 utterance_id=4 word_index=1 start_ms=10080 end_ms=10480 speaker_tag=1 word="reprenons"
RESULT pass=2 phase=interim revision=7 utterance_id=4 mono_ms=11250 stable_speaker_ms=10399 word_count=2
WORD pass=2 revision=7 utterance_id=4 word_index=0 start_ms=10000 end_ms=10080 speaker_tag=1 word="nous"
WORD pass=2 revision=7 utterance_id=4 word_index=1 start_ms=10080 end_ms=10480 speaker_tag=1 word="reprenons"
RESULT pass=2 phase=interim revision=8 utterance_id=4 mono_ms=11401 stable_speaker_ms=10399 word_count=2
WORD pass=2 revision=8 utterance_id=4 word_index=0 start_ms=10000 end_ms=10080 speaker_tag=1 word="nous"
WORD pass=2 revision=8 utterance_id=4 word_index=1 start_ms=10080 end_ms=10480 speaker_tag=1 word="reprenons"
RESULT pass=2 phase=interim revision=9 utterance_id=4 mono_ms=11601 stable_speaker_ms=10399 word_count=2
WORD pass=2 revision=9 utterance_id=4 word_index=0 start_ms=10000 end_ms=10080 speaker_tag=1 word="nous"
WORD pass=2 revision=9 utterance_id=4 word_index=1 start_ms=10080 end_ms=10480 speaker_tag=1 word="reprenons"
RESULT pass=2 phase=final_initial revision=10 utterance_id=4 mono_ms=12023 stable_speaker_ms=11439 word_count=3
WORD pass=2 revision=10 utterance_id=4 word_index=0 start_ms=10000 end_ms=10080 speaker_tag=1 word="nous"
WORD pass=2 revision=10 utterance_id=4 word_index=1 start_ms=10080 end_ms=10480 speaker_tag=1 word="reprenons"
WORD pass=2 revision=10 utterance_id=4 word_index=2 start_ms=10560 end_ms=10720 speaker_tag=1 word="jeudi"
RESULT pass=2 phase=final_refresh revision=11 utterance_id=4 mono_ms=12023 stable_speaker_ms=11439 word_count=3
WORD pass=2 revision=11 utterance_id=4 word_index=0 start_ms=10000 end_ms=10080 speaker_tag=1 word="nous"
WORD pass=2 revision=11 utterance_id=4 word_index=1 start_ms=10080 end_ms=10480 speaker_tag=1 word="reprenons"
WORD pass=2 revision=11 utterance_id=4 word_index=2 start_ms=10560 end_ms=10720 speaker_tag=1 word="jeudi"
BENCH_FINISH_BEGIN pass=2 pushed_ms=12780 total_ms=12780
BENCH_FINISH_END pass=2 elapsed_ms=474
BENCH_PASS_SUMMARY pass=2 variant=both load_ms=119 warmup_ms=10950 wall_ms=13575 push_ms=2305 next_ms=5610 finish_ms=474 rtf=1.062 max_input_lag_ms=265 result_events=66 word_events=214 stable_sequence=1,2,3,1
BENCH_PASS_END pass=2 variant=both
HOST_PASS_END pass=2 variant=both
HOST_PASS_BEGIN pass=3 variant=both command=adb -s emulator-5554 shell sh /data/local/tmp/dictai-meeting-t8/20260924T203307Z-34202/meeting-benchmark-pass-remote.sh 3 both /data/local/tmp/dictai-meeting-t8/20260924T203307Z-34202
PSS_SAMPLING_BEGIN pass=3 interval_ms=250 source=proc-smaps_rollup+status overhead=proc_scan_and_adb_stream
PSS_SAMPLE pass=3 sample=0 mono_ms=8017680 pss_kb=8245 rss_kb=14208
PSS_SAMPLE pass=3 sample=1 mono_ms=8017930 pss_kb=89325 rss_kb=117348
PSS_SAMPLE pass=3 sample=2 mono_ms=8018190 pss_kb=210473 rss_kb=235832
PSS_SAMPLE pass=3 sample=3 mono_ms=8018430 pss_kb=438993 rss_kb=472504
PSS_SAMPLE pass=3 sample=4 mono_ms=8018670 pss_kb=654161 rss_kb=686008
PSS_SAMPLE pass=3 sample=5 mono_ms=8018940 pss_kb=897773 rss_kb=935352
PSS_SAMPLE pass=3 sample=6 mono_ms=8019220 pss_kb=1046947 rss_kb=1072108
PSS_SAMPLE pass=3 sample=7 mono_ms=8019450 pss_kb=1070609 rss_kb=1095616
PSS_SAMPLE pass=3 sample=8 mono_ms=8019690 pss_kb=1070921 rss_kb=1096000
PSS_SAMPLE pass=3 sample=9 mono_ms=8019950 pss_kb=1070921 rss_kb=1096000
PSS_SAMPLE pass=3 sample=10 mono_ms=8020190 pss_kb=1070919 rss_kb=1096000
PSS_SAMPLE pass=3 sample=11 mono_ms=8020430 pss_kb=1070919 rss_kb=1096000
PSS_SAMPLE pass=3 sample=12 mono_ms=8020680 pss_kb=1070919 rss_kb=1096000
PSS_SAMPLE pass=3 sample=13 mono_ms=8020950 pss_kb=1076203 rss_kb=1101220
PSS_SAMPLE pass=3 sample=14 mono_ms=8021190 pss_kb=1079955 rss_kb=1104980
PSS_SAMPLE pass=3 sample=15 mono_ms=8021440 pss_kb=1081023 rss_kb=1106064
PSS_SAMPLE pass=3 sample=16 mono_ms=8021710 pss_kb=1082143 rss_kb=1107116
PSS_SAMPLE pass=3 sample=17 mono_ms=8021940 pss_kb=1083339 rss_kb=1108396
PSS_SAMPLE pass=3 sample=18 mono_ms=8022180 pss_kb=1085487 rss_kb=1110572
PSS_SAMPLE pass=3 sample=19 mono_ms=8022440 pss_kb=1086639 rss_kb=1111664
PSS_SAMPLE pass=3 sample=20 mono_ms=8022690 pss_kb=1086639 rss_kb=1111408
PSS_SAMPLE pass=3 sample=21 mono_ms=8022950 pss_kb=1087839 rss_kb=1112932
PSS_SAMPLE pass=3 sample=22 mono_ms=8023180 pss_kb=1089011 rss_kb=1114184
PSS_SAMPLE pass=3 sample=23 mono_ms=8023440 pss_kb=1090283 rss_kb=1115408
PSS_SAMPLE pass=3 sample=24 mono_ms=8023710 pss_kb=1090283 rss_kb=1115408
PSS_SAMPLE pass=3 sample=25 mono_ms=8023960 pss_kb=1091535 rss_kb=1116728
PSS_SAMPLE pass=3 sample=26 mono_ms=8024200 pss_kb=1091535 rss_kb=1116728
PSS_SAMPLE pass=3 sample=27 mono_ms=8024440 pss_kb=1092803 rss_kb=1117800
PSS_SAMPLE pass=3 sample=28 mono_ms=8024700 pss_kb=1092803 rss_kb=1117800
PSS_SAMPLE pass=3 sample=29 mono_ms=8024950 pss_kb=1094131 rss_kb=1119316
PSS_SAMPLE pass=3 sample=30 mono_ms=8025190 pss_kb=1094131 rss_kb=1119316
PSS_SAMPLE pass=3 sample=31 mono_ms=8025430 pss_kb=1095567 rss_kb=1120580
PSS_SAMPLE pass=3 sample=32 mono_ms=8025690 pss_kb=1095567 rss_kb=1120580
PSS_SAMPLE pass=3 sample=33 mono_ms=8025950 pss_kb=1096811 rss_kb=1122040
PSS_SAMPLE pass=3 sample=34 mono_ms=8026200 pss_kb=1096811 rss_kb=1122040
PSS_SAMPLE pass=3 sample=35 mono_ms=8026570 pss_kb=1098399 rss_kb=1123372
PSS_SAMPLE pass=3 sample=36 mono_ms=8026670 pss_kb=1098399 rss_kb=1123372
PSS_SAMPLE pass=3 sample=37 mono_ms=8026950 pss_kb=1098399 rss_kb=1123372
PSS_SAMPLE pass=3 sample=38 mono_ms=8027190 pss_kb=1099815 rss_kb=1125044
PSS_SAMPLE pass=3 sample=39 mono_ms=8027440 pss_kb=1099815 rss_kb=1125044
PSS_SAMPLE pass=3 sample=40 mono_ms=8027700 pss_kb=1101245 rss_kb=1126236
PSS_SAMPLE pass=3 sample=41 mono_ms=8027930 pss_kb=1101245 rss_kb=1126236
PSS_SAMPLE pass=3 sample=42 mono_ms=8028180 pss_kb=1101245 rss_kb=1125288
PSS_SAMPLE pass=3 sample=43 mono_ms=8028430 pss_kb=1102789 rss_kb=1127792
PSS_SAMPLE pass=3 sample=44 mono_ms=8028690 pss_kb=1102789 rss_kb=1127792
PSS_SAMPLE pass=3 sample=45 mono_ms=8028940 pss_kb=1103941 rss_kb=1128968
PSS_SAMPLE pass=3 sample=46 mono_ms=8029190 pss_kb=1103941 rss_kb=1128968
PSS_SAMPLE pass=3 sample=47 mono_ms=8029430 pss_kb=1101657 rss_kb=1126708
PSS_SAMPLE pass=3 sample=48 mono_ms=8029680 pss_kb=1101685 rss_kb=1126708
PSS_SAMPLE pass=3 sample=49 mono_ms=8029950 pss_kb=1101749 rss_kb=1126708
PSS_SAMPLE pass=3 sample=50 mono_ms=8030190 pss_kb=1101729 rss_kb=1126708
PSS_SAMPLE pass=3 sample=51 mono_ms=8030430 pss_kb=1101997 rss_kb=1126964
PSS_SAMPLE pass=3 sample=52 mono_ms=8030680 pss_kb=1102148 rss_kb=1127092
PSS_SAMPLE pass=3 sample=53 mono_ms=8030930 pss_kb=1102260 rss_kb=1127164
PSS_SAMPLE pass=3 sample=54 mono_ms=8031190 pss_kb=1102260 rss_kb=1127292
PSS_SAMPLE pass=3 sample=55 mono_ms=8031430 pss_kb=1102236 rss_kb=1127292
PSS_SAMPLE pass=3 sample=56 mono_ms=8031680 pss_kb=1102284 rss_kb=1127280
PSS_SAMPLE pass=3 sample=57 mono_ms=8031940 pss_kb=1102288 rss_kb=1127280
PSS_SAMPLE pass=3 sample=58 mono_ms=8032200 pss_kb=1102312 rss_kb=1127280
PSS_SAMPLE pass=3 sample=59 mono_ms=8032430 pss_kb=1102288 rss_kb=1127280
PSS_SAMPLE pass=3 sample=60 mono_ms=8032690 pss_kb=1102312 rss_kb=1127280
PSS_SAMPLE pass=3 sample=61 mono_ms=8032940 pss_kb=1102316 rss_kb=1127308
PSS_SAMPLE pass=3 sample=62 mono_ms=8033180 pss_kb=1102392 rss_kb=1127436
PSS_SAMPLE pass=3 sample=63 mono_ms=8033440 pss_kb=1102416 rss_kb=1127436
PSS_SAMPLE pass=3 sample=64 mono_ms=8033670 pss_kb=1102392 rss_kb=1127436
PSS_SAMPLE pass=3 sample=65 mono_ms=8033930 pss_kb=1102440 rss_kb=1127552
PSS_SAMPLE pass=3 sample=66 mono_ms=8034180 pss_kb=1102416 rss_kb=1127552
PSS_SAMPLE pass=3 sample=67 mono_ms=8034430 pss_kb=1102440 rss_kb=1127552
PSS_SAMPLE pass=3 sample=68 mono_ms=8034670 pss_kb=1102416 rss_kb=1127552
PSS_SAMPLE pass=3 sample=69 mono_ms=8034930 pss_kb=1102656 rss_kb=1127820
PSS_SAMPLE pass=3 sample=70 mono_ms=8035190 pss_kb=1102468 rss_kb=1127732
PSS_SAMPLE pass=3 sample=71 mono_ms=8035430 pss_kb=1102444 rss_kb=1127732
PSS_SAMPLE pass=3 sample=72 mono_ms=8035690 pss_kb=1102468 rss_kb=1127732
PSS_SAMPLE pass=3 sample=73 mono_ms=8035930 pss_kb=1103416 rss_kb=1128580
PSS_SAMPLE pass=3 sample=74 mono_ms=8036190 pss_kb=1103156 rss_kb=1128340
PSS_SAMPLE pass=3 sample=75 mono_ms=8036430 pss_kb=1103132 rss_kb=1128340
PSS_SAMPLE pass=3 sample=76 mono_ms=8036680 pss_kb=1103132 rss_kb=1128340
PSS_SAMPLE pass=3 sample=77 mono_ms=8036930 pss_kb=1103132 rss_kb=1128620
PSS_SAMPLE pass=3 sample=78 mono_ms=8037190 pss_kb=1103268 rss_kb=1128480
PSS_SAMPLE pass=3 sample=79 mono_ms=8037430 pss_kb=1103268 rss_kb=1128480
PSS_SAMPLE pass=3 sample=80 mono_ms=8037680 pss_kb=1103244 rss_kb=1128480
PSS_SAMPLE pass=3 sample=81 mono_ms=8037930 pss_kb=1103640 rss_kb=1128840
PSS_SAMPLE pass=3 sample=82 mono_ms=8038190 pss_kb=1103268 rss_kb=1128628
PSS_SAMPLE pass=3 sample=83 mono_ms=8038430 pss_kb=1103244 rss_kb=1128628
PSS_SAMPLE pass=3 sample=84 mono_ms=8038680 pss_kb=1103244 rss_kb=1128628
PSS_SAMPLE pass=3 sample=85 mono_ms=8038920 pss_kb=1103244 rss_kb=1128628
PSS_SAMPLE pass=3 sample=86 mono_ms=8039190 pss_kb=1103696 rss_kb=1128980
PSS_SAMPLE pass=3 sample=87 mono_ms=8039440 pss_kb=1103280 rss_kb=1128648
PSS_SAMPLE pass=3 sample=88 mono_ms=8039680 pss_kb=1103304 rss_kb=1128648
PSS_SAMPLE pass=3 sample=89 mono_ms=8039930 pss_kb=1103280 rss_kb=1128648
PSS_SAMPLE pass=3 sample=90 mono_ms=8040180 pss_kb=1103780 rss_kb=1129084
PSS_SAMPLE pass=3 sample=91 mono_ms=8040430 pss_kb=1103360 rss_kb=1128692
PSS_SAMPLE pass=3 sample=92 mono_ms=8040680 pss_kb=1103360 rss_kb=1128692
PSS_SAMPLE pass=3 sample=93 mono_ms=8040930 pss_kb=1103360 rss_kb=1128692
PSS_SAMPLE pass=3 sample=94 mono_ms=8041190 pss_kb=1103916 rss_kb=1129160
PSS_SAMPLE pass=3 sample=95 mono_ms=8041450 pss_kb=1103384 rss_kb=1128684
PSS_SAMPLE pass=3 sample=96 mono_ms=8041670 pss_kb=1103360 rss_kb=1128684
PSS_SAMPLE pass=3 sample=97 mono_ms=8041930 pss_kb=1103384 rss_kb=1128684
PSS_SAMPLE pass=3 sample=98 mono_ms=8042180 pss_kb=1103964 rss_kb=1129304
PSS_SAMPLE pass=3 sample=99 mono_ms=8042440 pss_kb=1103384 rss_kb=1128804
PSS_SAMPLE pass=3 sample=100 mono_ms=8042690 pss_kb=1104840 rss_kb=1130188
PSS_SAMPLE pass=3 sample=101 mono_ms=8042930 pss_kb=64872 rss_kb=197956
PSS_SAMPLING_END pass=3 interval_ms=250 samples=102 duration_ms=25250
RUNTIME_COEXIST status=loaded path=/data/local/tmp/dictai-meeting-t8/20260924T203307Z-34202/existing-runtime/libggml-base.so
RUNTIME_COEXIST status=loaded path=/data/local/tmp/dictai-meeting-t8/20260924T203307Z-34202/existing-runtime/libggml-cpu.so
RUNTIME_COEXIST status=loaded path=/data/local/tmp/dictai-meeting-t8/20260924T203307Z-34202/existing-runtime/libggml.so
onnxruntime cpuid_info warning: Unknown CPU vendor. cpuinfo_vendor value: 0
RUNTIME_COEXIST status=loaded path=/data/local/tmp/dictai-meeting-t8/20260924T203307Z-34202/existing-runtime/libonnxruntime.so
RUNTIME_COEXIST status=loaded path=/data/local/tmp/dictai-meeting-t8/20260924T203307Z-34202/existing-runtime/libsherpa-onnx-c-api.so
RUNTIME_COEXIST status=loaded path=/data/local/tmp/dictai-meeting-t8/20260924T203307Z-34202/existing-runtime/libsherpa-onnx-cxx-api.so
RUNTIME_COEXIST status=loaded path=/data/local/tmp/dictai-meeting-t8/20260924T203307Z-34202/existing-runtime/libsherpa-onnx-jni.so
RUNTIME_COEXIST status=loaded path=/data/local/tmp/dictai-meeting-t8/20260924T203307Z-34202/existing-runtime/libtranscribe.so
RUNTIME_COEXIST status=loaded path=/data/local/tmp/dictai-meeting-t8/20260924T203307Z-34202/existing-runtime/libtranscribe_jni.so
RUNTIME_COEXIST_SUMMARY libraries=9 status=ok
AUDIO sample_rate=16000 channels=1 samples=204484 duration_ms=12780
PROCESS_MEMORY stage=audio-loaded rss_kb=48380 peak_rss_kb=48668
BENCH_CONFIG pass=3 variant=both language=fr gpu=-1 log_status=0 punctuation=1 max_speakers=8 interim=1 endpoint=1 token_silence_ms=800 force_endpoint_ms=30000 cadence=realtime chunk_ms=160
BENCH_MODEL_LOAD pass=3 variant=both elapsed_ms=351
BENCH_WARMUP pass=3 variant=both elapsed_ms=11277 speakers=8
BENCH_TIMING_CHECK pass=3 origin=audio_capture_origin status=ok first_due_us=160000 expected_first_due_us=160000 last_due_us=12780250 expected_last_due_us=12780250
BENCH_PASS_BEGIN pass=3 variant=both stream_clock=audio_capture_origin total_ms=12780
RESULT pass=3 phase=interim revision=1 utterance_id=1 mono_ms=1054 stable_speaker_ms=0 word_count=0
RESULT pass=3 phase=interim revision=2 utterance_id=1 mono_ms=1163 stable_speaker_ms=0 word_count=0
RESULT pass=3 phase=interim revision=3 utterance_id=1 mono_ms=1602 stable_speaker_ms=1039 word_count=0
RESULT pass=3 phase=interim revision=4 utterance_id=1 mono_ms=1647 stable_speaker_ms=1039 word_count=1
WORD pass=3 revision=4 utterance_id=1 word_index=0 start_ms=640 end_ms=800 speaker_tag=1 word="Bonjour,"
RESULT pass=3 phase=interim revision=5 utterance_id=1 mono_ms=1689 stable_speaker_ms=1039 word_count=1
WORD pass=3 revision=5 utterance_id=1 word_index=0 start_ms=640 end_ms=800 speaker_tag=1 word="Bonjour,"
RESULT pass=3 phase=interim revision=6 utterance_id=1 mono_ms=1853 stable_speaker_ms=1039 word_count=3
WORD pass=3 revision=6 utterance_id=1 word_index=0 start_ms=640 end_ms=800 speaker_tag=1 word="Bonjour,"
WORD pass=3 revision=6 utterance_id=1 word_index=1 start_ms=1120 end_ms=1440 speaker_tag=1 word="ouvrons"
WORD pass=3 revision=6 utterance_id=1 word_index=2 start_ms=1440 end_ms=1520 speaker_tag=1 word="la"
RESULT pass=3 phase=interim revision=7 utterance_id=1 mono_ms=1974 stable_speaker_ms=1039 word_count=3
WORD pass=3 revision=7 utterance_id=1 word_index=0 start_ms=640 end_ms=800 speaker_tag=1 word="Bonjour,"
WORD pass=3 revision=7 utterance_id=1 word_index=1 start_ms=1120 end_ms=1440 speaker_tag=1 word="ouvrons"
WORD pass=3 revision=7 utterance_id=1 word_index=2 start_ms=1440 end_ms=1520 speaker_tag=1 word="la"
RESULT pass=3 phase=interim revision=8 utterance_id=1 mono_ms=2125 stable_speaker_ms=1039 word_count=4
WORD pass=3 revision=8 utterance_id=1 word_index=0 start_ms=640 end_ms=800 speaker_tag=1 word="Bonjour,"
WORD pass=3 revision=8 utterance_id=1 word_index=1 start_ms=1120 end_ms=1440 speaker_tag=1 word="ouvrons"
WORD pass=3 revision=8 utterance_id=1 word_index=2 start_ms=1440 end_ms=1520 speaker_tag=1 word="la"
WORD pass=3 revision=8 utterance_id=1 word_index=3 start_ms=1520 end_ms=1760 speaker_tag=1 word="réunion"
RESULT pass=3 phase=interim revision=9 utterance_id=1 mono_ms=2398 stable_speaker_ms=2079 word_count=5
WORD pass=3 revision=9 utterance_id=1 word_index=0 start_ms=640 end_ms=800 speaker_tag=1 word="Bonjour,"
WORD pass=3 revision=9 utterance_id=1 word_index=1 start_ms=1120 end_ms=1440 speaker_tag=1 word="ouvrons"
WORD pass=3 revision=9 utterance_id=1 word_index=2 start_ms=1440 end_ms=1520 speaker_tag=1 word="la"
WORD pass=3 revision=9 utterance_id=1 word_index=3 start_ms=1520 end_ms=1760 speaker_tag=1 word="réunion"
WORD pass=3 revision=9 utterance_id=1 word_index=4 start_ms=1840 end_ms=1920 speaker_tag=1 word="de"
RESULT pass=3 phase=interim revision=10 utterance_id=1 mono_ms=2440 stable_speaker_ms=2079 word_count=6
WORD pass=3 revision=10 utterance_id=1 word_index=0 start_ms=640 end_ms=800 speaker_tag=1 word="Bonjour,"
WORD pass=3 revision=10 utterance_id=1 word_index=1 start_ms=1120 end_ms=1440 speaker_tag=1 word="ouvrons"
WORD pass=3 revision=10 utterance_id=1 word_index=2 start_ms=1440 end_ms=1520 speaker_tag=1 word="la"
WORD pass=3 revision=10 utterance_id=1 word_index=3 start_ms=1520 end_ms=1760 speaker_tag=1 word="réunion"
WORD pass=3 revision=10 utterance_id=1 word_index=4 start_ms=1840 end_ms=1920 speaker_tag=1 word="de"
WORD pass=3 revision=10 utterance_id=1 word_index=5 start_ms=2000 end_ms=2080 speaker_tag=1 word="la"
RESULT pass=3 phase=interim revision=11 utterance_id=1 mono_ms=2622 stable_speaker_ms=2079 word_count=6
WORD pass=3 revision=11 utterance_id=1 word_index=0 start_ms=640 end_ms=800 speaker_tag=1 word="Bonjour,"
WORD pass=3 revision=11 utterance_id=1 word_index=1 start_ms=1120 end_ms=1440 speaker_tag=1 word="ouvrons"
WORD pass=3 revision=11 utterance_id=1 word_index=2 start_ms=1440 end_ms=1520 speaker_tag=1 word="la"
WORD pass=3 revision=11 utterance_id=1 word_index=3 start_ms=1520 end_ms=1760 speaker_tag=1 word="réunion"
WORD pass=3 revision=11 utterance_id=1 word_index=4 start_ms=1840 end_ms=1920 speaker_tag=1 word="de"
WORD pass=3 revision=11 utterance_id=1 word_index=5 start_ms=2000 end_ms=2080 speaker_tag=1 word="la"
RESULT pass=3 phase=interim revision=12 utterance_id=1 mono_ms=2872 stable_speaker_ms=2079 word_count=6
WORD pass=3 revision=12 utterance_id=1 word_index=0 start_ms=640 end_ms=800 speaker_tag=1 word="Bonjour,"
WORD pass=3 revision=12 utterance_id=1 word_index=1 start_ms=1120 end_ms=1440 speaker_tag=1 word="ouvrons"
WORD pass=3 revision=12 utterance_id=1 word_index=2 start_ms=1440 end_ms=1520 speaker_tag=1 word="la"
WORD pass=3 revision=12 utterance_id=1 word_index=3 start_ms=1520 end_ms=1760 speaker_tag=1 word="réunion"
WORD pass=3 revision=12 utterance_id=1 word_index=4 start_ms=1840 end_ms=1920 speaker_tag=1 word="de"
WORD pass=3 revision=12 utterance_id=1 word_index=5 start_ms=2000 end_ms=2080 speaker_tag=1 word="la"
RESULT pass=3 phase=interim revision=13 utterance_id=1 mono_ms=2939 stable_speaker_ms=2079 word_count=6
WORD pass=3 revision=13 utterance_id=1 word_index=0 start_ms=640 end_ms=800 speaker_tag=1 word="Bonjour,"
WORD pass=3 revision=13 utterance_id=1 word_index=1 start_ms=1120 end_ms=1440 speaker_tag=1 word="ouvrons"
WORD pass=3 revision=13 utterance_id=1 word_index=2 start_ms=1440 end_ms=1520 speaker_tag=1 word="la"
WORD pass=3 revision=13 utterance_id=1 word_index=3 start_ms=1520 end_ms=1760 speaker_tag=1 word="réunion"
WORD pass=3 revision=13 utterance_id=1 word_index=4 start_ms=1840 end_ms=1920 speaker_tag=1 word="de"
WORD pass=3 revision=13 utterance_id=1 word_index=5 start_ms=2000 end_ms=2080 speaker_tag=1 word="la"
RESULT pass=3 phase=interim revision=14 utterance_id=1 mono_ms=3126 stable_speaker_ms=2079 word_count=6
WORD pass=3 revision=14 utterance_id=1 word_index=0 start_ms=640 end_ms=800 speaker_tag=1 word="Bonjour,"
WORD pass=3 revision=14 utterance_id=1 word_index=1 start_ms=1120 end_ms=1440 speaker_tag=1 word="ouvrons"
WORD pass=3 revision=14 utterance_id=1 word_index=2 start_ms=1440 end_ms=1520 speaker_tag=1 word="la"
WORD pass=3 revision=14 utterance_id=1 word_index=3 start_ms=1520 end_ms=1760 speaker_tag=1 word="réunion"
WORD pass=3 revision=14 utterance_id=1 word_index=4 start_ms=1840 end_ms=1920 speaker_tag=1 word="de"
WORD pass=3 revision=14 utterance_id=1 word_index=5 start_ms=2000 end_ms=2080 speaker_tag=1 word="la"
RESULT pass=3 phase=interim revision=15 utterance_id=1 mono_ms=3295 stable_speaker_ms=2079 word_count=6
WORD pass=3 revision=15 utterance_id=1 word_index=0 start_ms=640 end_ms=800 speaker_tag=1 word="Bonjour,"
WORD pass=3 revision=15 utterance_id=1 word_index=1 start_ms=1120 end_ms=1440 speaker_tag=1 word="ouvrons"
WORD pass=3 revision=15 utterance_id=1 word_index=2 start_ms=1440 end_ms=1520 speaker_tag=1 word="la"
WORD pass=3 revision=15 utterance_id=1 word_index=3 start_ms=1520 end_ms=1760 speaker_tag=1 word="réunion"
WORD pass=3 revision=15 utterance_id=1 word_index=4 start_ms=1840 end_ms=1920 speaker_tag=1 word="de"
WORD pass=3 revision=15 utterance_id=1 word_index=5 start_ms=2000 end_ms=2080 speaker_tag=1 word="la"
RESULT pass=3 phase=final_initial revision=16 utterance_id=1 mono_ms=3627 stable_speaker_ms=3119 word_count=7
WORD pass=3 revision=16 utterance_id=1 word_index=0 start_ms=640 end_ms=800 speaker_tag=1 word="Bonjour,"
WORD pass=3 revision=16 utterance_id=1 word_index=1 start_ms=1120 end_ms=1440 speaker_tag=1 word="ouvrons"
WORD pass=3 revision=16 utterance_id=1 word_index=2 start_ms=1440 end_ms=1520 speaker_tag=1 word="la"
WORD pass=3 revision=16 utterance_id=1 word_index=3 start_ms=1520 end_ms=1760 speaker_tag=1 word="réunion"
WORD pass=3 revision=16 utterance_id=1 word_index=4 start_ms=1840 end_ms=1920 speaker_tag=1 word="de"
WORD pass=3 revision=16 utterance_id=1 word_index=5 start_ms=2000 end_ms=2080 speaker_tag=1 word="la"
WORD pass=3 revision=16 utterance_id=1 word_index=6 start_ms=2160 end_ms=2320 speaker_tag=1 word="semaine"
RESULT pass=3 phase=final_refresh revision=17 utterance_id=1 mono_ms=3627 stable_speaker_ms=3119 word_count=7
WORD pass=3 revision=17 utterance_id=1 word_index=0 start_ms=640 end_ms=800 speaker_tag=1 word="Bonjour,"
WORD pass=3 revision=17 utterance_id=1 word_index=1 start_ms=1120 end_ms=1440 speaker_tag=1 word="ouvrons"
WORD pass=3 revision=17 utterance_id=1 word_index=2 start_ms=1440 end_ms=1520 speaker_tag=1 word="la"
WORD pass=3 revision=17 utterance_id=1 word_index=3 start_ms=1520 end_ms=1760 speaker_tag=1 word="réunion"
WORD pass=3 revision=17 utterance_id=1 word_index=4 start_ms=1840 end_ms=1920 speaker_tag=1 word="de"
WORD pass=3 revision=17 utterance_id=1 word_index=5 start_ms=2000 end_ms=2080 speaker_tag=1 word="la"
WORD pass=3 revision=17 utterance_id=1 word_index=6 start_ms=2160 end_ms=2320 speaker_tag=1 word="semaine"
RESULT pass=3 phase=interim revision=1 utterance_id=2 mono_ms=3723 stable_speaker_ms=3119 word_count=0
RESULT pass=3 phase=interim revision=2 utterance_id=2 mono_ms=3885 stable_speaker_ms=3119 word_count=1
WORD pass=3 revision=2 utterance_id=2 word_index=0 start_ms=3360 end_ms=3440 speaker_tag=2 word="je"
RESULT pass=3 phase=interim revision=3 utterance_id=2 mono_ms=4097 stable_speaker_ms=3119 word_count=1
WORD pass=3 revision=3 utterance_id=2 word_index=0 start_ms=3360 end_ms=3440 speaker_tag=2 word="je"
RESULT pass=3 phase=interim revision=4 utterance_id=2 mono_ms=4204 stable_speaker_ms=3119 word_count=1
WORD pass=3 revision=4 utterance_id=2 word_index=0 start_ms=3360 end_ms=3440 speaker_tag=2 word="je"
RESULT pass=3 phase=interim revision=5 utterance_id=2 mono_ms=4458 stable_speaker_ms=4159 word_count=2
WORD pass=3 revision=5 utterance_id=2 word_index=0 start_ms=3360 end_ms=3440 speaker_tag=2 word="je"
WORD pass=3 revision=5 utterance_id=2 word_index=1 start_ms=3600 end_ms=3840 speaker_tag=2 word="propose"
RESULT pass=3 phase=interim revision=6 utterance_id=2 mono_ms=4572 stable_speaker_ms=4159 word_count=2
WORD pass=3 revision=6 utterance_id=2 word_index=0 start_ms=3360 end_ms=3440 speaker_tag=2 word="je"
WORD pass=3 revision=6 utterance_id=2 word_index=1 start_ms=3600 end_ms=3840 speaker_tag=2 word="propose"
RESULT pass=3 phase=interim revision=7 utterance_id=2 mono_ms=4706 stable_speaker_ms=4159 word_count=3
WORD pass=3 revision=7 utterance_id=2 word_index=0 start_ms=3360 end_ms=3440 speaker_tag=2 word="je"
WORD pass=3 revision=7 utterance_id=2 word_index=1 start_ms=3600 end_ms=3840 speaker_tag=2 word="propose"
WORD pass=3 revision=7 utterance_id=2 word_index=2 start_ms=4000 end_ms=4160 speaker_tag=2 word="jeudi"
RESULT pass=3 phase=interim revision=8 utterance_id=2 mono_ms=4846 stable_speaker_ms=4159 word_count=3
WORD pass=3 revision=8 utterance_id=2 word_index=0 start_ms=3360 end_ms=3440 speaker_tag=2 word="je"
WORD pass=3 revision=8 utterance_id=2 word_index=1 start_ms=3600 end_ms=3840 speaker_tag=2 word="propose"
WORD pass=3 revision=8 utterance_id=2 word_index=2 start_ms=4000 end_ms=4160 speaker_tag=2 word="jeudi"
RESULT pass=3 phase=interim revision=9 utterance_id=2 mono_ms=5048 stable_speaker_ms=4159 word_count=4
WORD pass=3 revision=9 utterance_id=2 word_index=0 start_ms=3360 end_ms=3440 speaker_tag=2 word="je"
WORD pass=3 revision=9 utterance_id=2 word_index=1 start_ms=3600 end_ms=3840 speaker_tag=2 word="propose"
WORD pass=3 revision=9 utterance_id=2 word_index=2 start_ms=4000 end_ms=4160 speaker_tag=2 word="jeudi"
WORD pass=3 revision=9 utterance_id=2 word_index=3 start_ms=4400 end_ms=4560 speaker_tag=2 word="matin"
RESULT pass=3 phase=interim revision=10 utterance_id=2 mono_ms=5168 stable_speaker_ms=4159 word_count=5
WORD pass=3 revision=10 utterance_id=2 word_index=0 start_ms=3360 end_ms=3440 speaker_tag=2 word="je"
WORD pass=3 revision=10 utterance_id=2 word_index=1 start_ms=3600 end_ms=3840 speaker_tag=2 word="propose"
WORD pass=3 revision=10 utterance_id=2 word_index=2 start_ms=4000 end_ms=4160 speaker_tag=2 word="jeudi"
WORD pass=3 revision=10 utterance_id=2 word_index=3 start_ms=4400 end_ms=4560 speaker_tag=2 word="matin"
WORD pass=3 revision=10 utterance_id=2 word_index=4 start_ms=4720 end_ms=4800 speaker_tag=2 word="pour"
RESULT pass=3 phase=interim revision=11 utterance_id=2 mono_ms=5334 stable_speaker_ms=4159 word_count=6
WORD pass=3 revision=11 utterance_id=2 word_index=0 start_ms=3360 end_ms=3440 speaker_tag=2 word="je"
WORD pass=3 revision=11 utterance_id=2 word_index=1 start_ms=3600 end_ms=3840 speaker_tag=2 word="propose"
WORD pass=3 revision=11 utterance_id=2 word_index=2 start_ms=4000 end_ms=4160 speaker_tag=2 word="jeudi"
WORD pass=3 revision=11 utterance_id=2 word_index=3 start_ms=4400 end_ms=4560 speaker_tag=2 word="matin"
WORD pass=3 revision=11 utterance_id=2 word_index=4 start_ms=4720 end_ms=4800 speaker_tag=2 word="pour"
WORD pass=3 revision=11 utterance_id=2 word_index=5 start_ms=4800 end_ms=4880 speaker_tag=2 word="le"
RESULT pass=3 phase=interim revision=12 utterance_id=2 mono_ms=5654 stable_speaker_ms=5199 word_count=6
WORD pass=3 revision=12 utterance_id=2 word_index=0 start_ms=3360 end_ms=3440 speaker_tag=2 word="je"
WORD pass=3 revision=12 utterance_id=2 word_index=1 start_ms=3600 end_ms=3840 speaker_tag=2 word="propose"
WORD pass=3 revision=12 utterance_id=2 word_index=2 start_ms=4000 end_ms=4160 speaker_tag=2 word="jeudi"
WORD pass=3 revision=12 utterance_id=2 word_index=3 start_ms=4400 end_ms=4560 speaker_tag=2 word="matin"
WORD pass=3 revision=12 utterance_id=2 word_index=4 start_ms=4720 end_ms=4800 speaker_tag=2 word="pour"
WORD pass=3 revision=12 utterance_id=2 word_index=5 start_ms=4800 end_ms=4880 speaker_tag=2 word="le"
RESULT pass=3 phase=interim revision=13 utterance_id=2 mono_ms=5696 stable_speaker_ms=5199 word_count=6
WORD pass=3 revision=13 utterance_id=2 word_index=0 start_ms=3360 end_ms=3440 speaker_tag=2 word="je"
WORD pass=3 revision=13 utterance_id=2 word_index=1 start_ms=3600 end_ms=3840 speaker_tag=2 word="propose"
WORD pass=3 revision=13 utterance_id=2 word_index=2 start_ms=4000 end_ms=4160 speaker_tag=2 word="jeudi"
WORD pass=3 revision=13 utterance_id=2 word_index=3 start_ms=4400 end_ms=4560 speaker_tag=2 word="matin"
WORD pass=3 revision=13 utterance_id=2 word_index=4 start_ms=4720 end_ms=4800 speaker_tag=2 word="pour"
WORD pass=3 revision=13 utterance_id=2 word_index=5 start_ms=4800 end_ms=4880 speaker_tag=2 word="le"
RESULT pass=3 phase=interim revision=14 utterance_id=2 mono_ms=5839 stable_speaker_ms=5199 word_count=6
WORD pass=3 revision=14 utterance_id=2 word_index=0 start_ms=3360 end_ms=3440 speaker_tag=2 word="je"
WORD pass=3 revision=14 utterance_id=2 word_index=1 start_ms=3600 end_ms=3840 speaker_tag=2 word="propose"
WORD pass=3 revision=14 utterance_id=2 word_index=2 start_ms=4000 end_ms=4160 speaker_tag=2 word="jeudi"
WORD pass=3 revision=14 utterance_id=2 word_index=3 start_ms=4400 end_ms=4560 speaker_tag=2 word="matin"
WORD pass=3 revision=14 utterance_id=2 word_index=4 start_ms=4720 end_ms=4800 speaker_tag=2 word="pour"
WORD pass=3 revision=14 utterance_id=2 word_index=5 start_ms=4800 end_ms=4880 speaker_tag=2 word="le"
RESULT pass=3 phase=interim revision=15 utterance_id=2 mono_ms=5967 stable_speaker_ms=5199 word_count=6
WORD pass=3 revision=15 utterance_id=2 word_index=0 start_ms=3360 end_ms=3440 speaker_tag=2 word="je"
WORD pass=3 revision=15 utterance_id=2 word_index=1 start_ms=3600 end_ms=3840 speaker_tag=2 word="propose"
WORD pass=3 revision=15 utterance_id=2 word_index=2 start_ms=4000 end_ms=4160 speaker_tag=2 word="jeudi"
WORD pass=3 revision=15 utterance_id=2 word_index=3 start_ms=4400 end_ms=4560 speaker_tag=2 word="matin"
WORD pass=3 revision=15 utterance_id=2 word_index=4 start_ms=4720 end_ms=4800 speaker_tag=2 word="pour"
WORD pass=3 revision=15 utterance_id=2 word_index=5 start_ms=4800 end_ms=4880 speaker_tag=2 word="le"
RESULT pass=3 phase=interim revision=16 utterance_id=2 mono_ms=6125 stable_speaker_ms=5199 word_count=6
WORD pass=3 revision=16 utterance_id=2 word_index=0 start_ms=3360 end_ms=3440 speaker_tag=2 word="je"
WORD pass=3 revision=16 utterance_id=2 word_index=1 start_ms=3600 end_ms=3840 speaker_tag=2 word="propose"
WORD pass=3 revision=16 utterance_id=2 word_index=2 start_ms=4000 end_ms=4160 speaker_tag=2 word="jeudi"
WORD pass=3 revision=16 utterance_id=2 word_index=3 start_ms=4400 end_ms=4560 speaker_tag=2 word="matin"
WORD pass=3 revision=16 utterance_id=2 word_index=4 start_ms=4720 end_ms=4800 speaker_tag=2 word="pour"
WORD pass=3 revision=16 utterance_id=2 word_index=5 start_ms=4800 end_ms=4880 speaker_tag=2 word="le"
RESULT pass=3 phase=final_initial revision=17 utterance_id=2 mono_ms=6464 stable_speaker_ms=5199 word_count=7
WORD pass=3 revision=17 utterance_id=2 word_index=0 start_ms=3360 end_ms=3440 speaker_tag=2 word="je"
WORD pass=3 revision=17 utterance_id=2 word_index=1 start_ms=3600 end_ms=3840 speaker_tag=2 word="propose"
WORD pass=3 revision=17 utterance_id=2 word_index=2 start_ms=4000 end_ms=4160 speaker_tag=2 word="jeudi"
WORD pass=3 revision=17 utterance_id=2 word_index=3 start_ms=4400 end_ms=4560 speaker_tag=2 word="matin"
WORD pass=3 revision=17 utterance_id=2 word_index=4 start_ms=4720 end_ms=4800 speaker_tag=2 word="pour"
WORD pass=3 revision=17 utterance_id=2 word_index=5 start_ms=4800 end_ms=4880 speaker_tag=2 word="le"
WORD pass=3 revision=17 utterance_id=2 word_index=6 start_ms=5040 end_ms=5200 speaker_tag=2 word="suivi"
RESULT pass=3 phase=final_refresh revision=18 utterance_id=2 mono_ms=6464 stable_speaker_ms=5199 word_count=7
WORD pass=3 revision=18 utterance_id=2 word_index=0 start_ms=3360 end_ms=3440 speaker_tag=2 word="je"
WORD pass=3 revision=18 utterance_id=2 word_index=1 start_ms=3600 end_ms=3840 speaker_tag=2 word="propose"
WORD pass=3 revision=18 utterance_id=2 word_index=2 start_ms=4000 end_ms=4160 speaker_tag=2 word="jeudi"
WORD pass=3 revision=18 utterance_id=2 word_index=3 start_ms=4400 end_ms=4560 speaker_tag=2 word="matin"
WORD pass=3 revision=18 utterance_id=2 word_index=4 start_ms=4720 end_ms=4800 speaker_tag=2 word="pour"
WORD pass=3 revision=18 utterance_id=2 word_index=5 start_ms=4800 end_ms=4880 speaker_tag=2 word="le"
WORD pass=3 revision=18 utterance_id=2 word_index=6 start_ms=5040 end_ms=5200 speaker_tag=2 word="suivi"
RESULT pass=3 phase=final_refresh revision=19 utterance_id=2 mono_ms=6688 stable_speaker_ms=6239 word_count=7
WORD pass=3 revision=19 utterance_id=2 word_index=0 start_ms=3360 end_ms=3440 speaker_tag=2 word="je"
WORD pass=3 revision=19 utterance_id=2 word_index=1 start_ms=3600 end_ms=3840 speaker_tag=2 word="propose"
WORD pass=3 revision=19 utterance_id=2 word_index=2 start_ms=4000 end_ms=4160 speaker_tag=2 word="jeudi"
WORD pass=3 revision=19 utterance_id=2 word_index=3 start_ms=4400 end_ms=4560 speaker_tag=2 word="matin"
WORD pass=3 revision=19 utterance_id=2 word_index=4 start_ms=4720 end_ms=4800 speaker_tag=2 word="pour"
WORD pass=3 revision=19 utterance_id=2 word_index=5 start_ms=4800 end_ms=4880 speaker_tag=2 word="le"
WORD pass=3 revision=19 utterance_id=2 word_index=6 start_ms=5040 end_ms=5200 speaker_tag=2 word="suivi"
RESULT pass=3 phase=interim revision=1 utterance_id=3 mono_ms=6744 stable_speaker_ms=6239 word_count=0
RESULT pass=3 phase=interim revision=2 utterance_id=3 mono_ms=6802 stable_speaker_ms=6239 word_count=0
RESULT pass=3 phase=interim revision=3 utterance_id=3 mono_ms=6924 stable_speaker_ms=6239 word_count=0
RESULT pass=3 phase=interim revision=4 utterance_id=3 mono_ms=7118 stable_speaker_ms=6239 word_count=0
RESULT pass=3 phase=interim revision=5 utterance_id=3 mono_ms=7255 stable_speaker_ms=6239 word_count=0
RESULT pass=3 phase=interim revision=6 utterance_id=3 mono_ms=7410 stable_speaker_ms=6239 word_count=1
WORD pass=3 revision=6 utterance_id=3 word_index=0 start_ms=6240 end_ms=6400 speaker_tag=3 word="d'accord,"
RESULT pass=3 phase=interim revision=7 utterance_id=3 mono_ms=7828 stable_speaker_ms=7279 word_count=2
WORD pass=3 revision=7 utterance_id=3 word_index=0 start_ms=6240 end_ms=6400 speaker_tag=3 word="d'accord,"
WORD pass=3 revision=7 utterance_id=3 word_index=1 start_ms=7040 end_ms=7120 speaker_tag=3 word="je"
RESULT pass=3 phase=interim revision=8 utterance_id=3 mono_ms=7872 stable_speaker_ms=7279 word_count=2
WORD pass=3 revision=8 utterance_id=3 word_index=0 start_ms=6240 end_ms=6400 speaker_tag=3 word="d'accord,"
WORD pass=3 revision=8 utterance_id=3 word_index=1 start_ms=7040 end_ms=7120 speaker_tag=3 word="je"
RESULT pass=3 phase=interim revision=9 utterance_id=3 mono_ms=7911 stable_speaker_ms=7279 word_count=2
WORD pass=3 revision=9 utterance_id=3 word_index=0 start_ms=6240 end_ms=6400 speaker_tag=3 word="d'accord,"
WORD pass=3 revision=9 utterance_id=3 word_index=1 start_ms=7040 end_ms=7120 speaker_tag=3 word="je"
RESULT pass=3 phase=interim revision=10 utterance_id=3 mono_ms=8134 stable_speaker_ms=7279 word_count=4
WORD pass=3 revision=10 utterance_id=3 word_index=0 start_ms=6240 end_ms=6400 speaker_tag=3 word="d'accord,"
WORD pass=3 revision=10 utterance_id=3 word_index=1 start_ms=7040 end_ms=7120 speaker_tag=3 word="je"
WORD pass=3 revision=10 utterance_id=3 word_index=2 start_ms=7200 end_ms=7520 speaker_tag=3 word="prépare"
WORD pass=3 revision=10 utterance_id=3 word_index=3 start_ms=7680 end_ms=7760 speaker_tag=3 word="la"
RESULT pass=3 phase=interim revision=11 utterance_id=3 mono_ms=8209 stable_speaker_ms=7279 word_count=4
WORD pass=3 revision=11 utterance_id=3 word_index=0 start_ms=6240 end_ms=6400 speaker_tag=3 word="d'accord,"
WORD pass=3 revision=11 utterance_id=3 word_index=1 start_ms=7040 end_ms=7120 speaker_tag=3 word="je"
WORD pass=3 revision=11 utterance_id=3 word_index=2 start_ms=7200 end_ms=7520 speaker_tag=3 word="prépare"
WORD pass=3 revision=11 utterance_id=3 word_index=3 start_ms=7680 end_ms=7760 speaker_tag=3 word="la"
RESULT pass=3 phase=interim revision=12 utterance_id=3 mono_ms=8366 stable_speaker_ms=7279 word_count=4
WORD pass=3 revision=12 utterance_id=3 word_index=0 start_ms=6240 end_ms=6400 speaker_tag=3 word="d'accord,"
WORD pass=3 revision=12 utterance_id=3 word_index=1 start_ms=7040 end_ms=7120 speaker_tag=3 word="je"
WORD pass=3 revision=12 utterance_id=3 word_index=2 start_ms=7200 end_ms=7520 speaker_tag=3 word="prépare"
WORD pass=3 revision=12 utterance_id=3 word_index=3 start_ms=7680 end_ms=7760 speaker_tag=3 word="la"
RESULT pass=3 phase=interim revision=13 utterance_id=3 mono_ms=8741 stable_speaker_ms=8319 word_count=4
WORD pass=3 revision=13 utterance_id=3 word_index=0 start_ms=6240 end_ms=6400 speaker_tag=3 word="d'accord,"
WORD pass=3 revision=13 utterance_id=3 word_index=1 start_ms=7040 end_ms=7120 speaker_tag=3 word="je"
WORD pass=3 revision=13 utterance_id=3 word_index=2 start_ms=7200 end_ms=7520 speaker_tag=3 word="prépare"
WORD pass=3 revision=13 utterance_id=3 word_index=3 start_ms=7680 end_ms=7760 speaker_tag=3 word="la"
RESULT pass=3 phase=interim revision=14 utterance_id=3 mono_ms=8797 stable_speaker_ms=8319 word_count=4
WORD pass=3 revision=14 utterance_id=3 word_index=0 start_ms=6240 end_ms=6400 speaker_tag=3 word="d'accord,"
WORD pass=3 revision=14 utterance_id=3 word_index=1 start_ms=7040 end_ms=7120 speaker_tag=3 word="je"
WORD pass=3 revision=14 utterance_id=3 word_index=2 start_ms=7200 end_ms=7520 speaker_tag=3 word="prépare"
WORD pass=3 revision=14 utterance_id=3 word_index=3 start_ms=7680 end_ms=7760 speaker_tag=3 word="la"
RESULT pass=3 phase=interim revision=15 utterance_id=3 mono_ms=8858 stable_speaker_ms=8319 word_count=4
WORD pass=3 revision=15 utterance_id=3 word_index=0 start_ms=6240 end_ms=6400 speaker_tag=3 word="d'accord,"
WORD pass=3 revision=15 utterance_id=3 word_index=1 start_ms=7040 end_ms=7120 speaker_tag=3 word="je"
WORD pass=3 revision=15 utterance_id=3 word_index=2 start_ms=7200 end_ms=7520 speaker_tag=3 word="prépare"
WORD pass=3 revision=15 utterance_id=3 word_index=3 start_ms=7680 end_ms=7760 speaker_tag=3 word="la"
RESULT pass=3 phase=interim revision=16 utterance_id=3 mono_ms=9008 stable_speaker_ms=8319 word_count=4
WORD pass=3 revision=16 utterance_id=3 word_index=0 start_ms=6240 end_ms=6400 speaker_tag=3 word="d'accord,"
WORD pass=3 revision=16 utterance_id=3 word_index=1 start_ms=7040 end_ms=7120 speaker_tag=3 word="je"
WORD pass=3 revision=16 utterance_id=3 word_index=2 start_ms=7200 end_ms=7520 speaker_tag=3 word="prépare"
WORD pass=3 revision=16 utterance_id=3 word_index=3 start_ms=7680 end_ms=7760 speaker_tag=3 word="la"
RESULT pass=3 phase=interim revision=17 utterance_id=3 mono_ms=9172 stable_speaker_ms=8319 word_count=4
WORD pass=3 revision=17 utterance_id=3 word_index=0 start_ms=6240 end_ms=6400 speaker_tag=3 word="d'accord,"
WORD pass=3 revision=17 utterance_id=3 word_index=1 start_ms=7040 end_ms=7120 speaker_tag=3 word="je"
WORD pass=3 revision=17 utterance_id=3 word_index=2 start_ms=7200 end_ms=7520 speaker_tag=3 word="prépare"
WORD pass=3 revision=17 utterance_id=3 word_index=3 start_ms=7680 end_ms=7760 speaker_tag=3 word="la"
RESULT pass=3 phase=final_initial revision=18 utterance_id=3 mono_ms=9339 stable_speaker_ms=8319 word_count=5
WORD pass=3 revision=18 utterance_id=3 word_index=0 start_ms=6240 end_ms=6400 speaker_tag=3 word="d'accord,"
WORD pass=3 revision=18 utterance_id=3 word_index=1 start_ms=7040 end_ms=7120 speaker_tag=3 word="je"
WORD pass=3 revision=18 utterance_id=3 word_index=2 start_ms=7200 end_ms=7520 speaker_tag=3 word="prépare"
WORD pass=3 revision=18 utterance_id=3 word_index=3 start_ms=7680 end_ms=7760 speaker_tag=3 word="la"
WORD pass=3 revision=18 utterance_id=3 word_index=4 start_ms=7760 end_ms=8240 speaker_tag=3 word="synthèse"
RESULT pass=3 phase=final_refresh revision=19 utterance_id=3 mono_ms=9339 stable_speaker_ms=8319 word_count=5
WORD pass=3 revision=19 utterance_id=3 word_index=0 start_ms=6240 end_ms=6400 speaker_tag=3 word="d'accord,"
WORD pass=3 revision=19 utterance_id=3 word_index=1 start_ms=7040 end_ms=7120 speaker_tag=3 word="je"
WORD pass=3 revision=19 utterance_id=3 word_index=2 start_ms=7200 end_ms=7520 speaker_tag=3 word="prépare"
WORD pass=3 revision=19 utterance_id=3 word_index=3 start_ms=7680 end_ms=7760 speaker_tag=3 word="la"
WORD pass=3 revision=19 utterance_id=3 word_index=4 start_ms=7760 end_ms=8240 speaker_tag=3 word="synthèse"
RESULT pass=3 phase=interim revision=1 utterance_id=4 mono_ms=10334 stable_speaker_ms=9359 word_count=0
RESULT pass=3 phase=interim revision=2 utterance_id=4 mono_ms=10447 stable_speaker_ms=9359 word_count=1
WORD pass=3 revision=2 utterance_id=4 word_index=0 start_ms=10000 end_ms=10080 speaker_tag=1 word="nous"
RESULT pass=3 phase=interim revision=3 utterance_id=4 mono_ms=10896 stable_speaker_ms=10399 word_count=1
WORD pass=3 revision=3 utterance_id=4 word_index=0 start_ms=10000 end_ms=10080 speaker_tag=1 word="nous"
RESULT pass=3 phase=interim revision=4 utterance_id=4 mono_ms=10936 stable_speaker_ms=10399 word_count=1
WORD pass=3 revision=4 utterance_id=4 word_index=0 start_ms=10000 end_ms=10080 speaker_tag=1 word="nous"
RESULT pass=3 phase=interim revision=5 utterance_id=4 mono_ms=10982 stable_speaker_ms=10399 word_count=2
WORD pass=3 revision=5 utterance_id=4 word_index=0 start_ms=10000 end_ms=10080 speaker_tag=1 word="nous"
WORD pass=3 revision=5 utterance_id=4 word_index=1 start_ms=10080 end_ms=10480 speaker_tag=1 word="reprenons"
RESULT pass=3 phase=interim revision=6 utterance_id=4 mono_ms=11106 stable_speaker_ms=10399 word_count=2
WORD pass=3 revision=6 utterance_id=4 word_index=0 start_ms=10000 end_ms=10080 speaker_tag=1 word="nous"
WORD pass=3 revision=6 utterance_id=4 word_index=1 start_ms=10080 end_ms=10480 speaker_tag=1 word="reprenons"
RESULT pass=3 phase=interim revision=7 utterance_id=4 mono_ms=11250 stable_speaker_ms=10399 word_count=2
WORD pass=3 revision=7 utterance_id=4 word_index=0 start_ms=10000 end_ms=10080 speaker_tag=1 word="nous"
WORD pass=3 revision=7 utterance_id=4 word_index=1 start_ms=10080 end_ms=10480 speaker_tag=1 word="reprenons"
RESULT pass=3 phase=interim revision=8 utterance_id=4 mono_ms=11407 stable_speaker_ms=10399 word_count=2
WORD pass=3 revision=8 utterance_id=4 word_index=0 start_ms=10000 end_ms=10080 speaker_tag=1 word="nous"
WORD pass=3 revision=8 utterance_id=4 word_index=1 start_ms=10080 end_ms=10480 speaker_tag=1 word="reprenons"
RESULT pass=3 phase=interim revision=9 utterance_id=4 mono_ms=11588 stable_speaker_ms=10399 word_count=2
WORD pass=3 revision=9 utterance_id=4 word_index=0 start_ms=10000 end_ms=10080 speaker_tag=1 word="nous"
WORD pass=3 revision=9 utterance_id=4 word_index=1 start_ms=10080 end_ms=10480 speaker_tag=1 word="reprenons"
RESULT pass=3 phase=final_initial revision=10 utterance_id=4 mono_ms=12052 stable_speaker_ms=11439 word_count=3
WORD pass=3 revision=10 utterance_id=4 word_index=0 start_ms=10000 end_ms=10080 speaker_tag=1 word="nous"
WORD pass=3 revision=10 utterance_id=4 word_index=1 start_ms=10080 end_ms=10480 speaker_tag=1 word="reprenons"
WORD pass=3 revision=10 utterance_id=4 word_index=2 start_ms=10560 end_ms=10720 speaker_tag=1 word="jeudi"
RESULT pass=3 phase=final_refresh revision=11 utterance_id=4 mono_ms=12052 stable_speaker_ms=11439 word_count=3
WORD pass=3 revision=11 utterance_id=4 word_index=0 start_ms=10000 end_ms=10080 speaker_tag=1 word="nous"
WORD pass=3 revision=11 utterance_id=4 word_index=1 start_ms=10080 end_ms=10480 speaker_tag=1 word="reprenons"
WORD pass=3 revision=11 utterance_id=4 word_index=2 start_ms=10560 end_ms=10720 speaker_tag=1 word="jeudi"
BENCH_FINISH_BEGIN pass=3 pushed_ms=12780 total_ms=12780
BENCH_FINISH_END pass=3 elapsed_ms=431
BENCH_PASS_SUMMARY pass=3 variant=both load_ms=351 warmup_ms=11277 wall_ms=13498 push_ms=2522 next_ms=4988 finish_ms=431 rtf=1.056 max_input_lag_ms=220 result_events=66 word_events=214 stable_sequence=1,2,3,1
BENCH_PASS_END pass=3 variant=both
HOST_PASS_END pass=3 variant=both
HOST_PASS_BEGIN pass=4 variant=asr command=adb -s emulator-5554 shell sh /data/local/tmp/dictai-meeting-t8/20260924T203307Z-34202/meeting-benchmark-pass-remote.sh 4 asr /data/local/tmp/dictai-meeting-t8/20260924T203307Z-34202
PSS_SAMPLING_BEGIN pass=4 interval_ms=250 source=proc-smaps_rollup+status overhead=proc_scan_and_adb_stream
PSS_SAMPLE pass=4 sample=0 mono_ms=8043250 pss_kb=8247 rss_kb=13696
PSS_SAMPLE pass=4 sample=1 mono_ms=8043510 pss_kb=104474 rss_kb=130052
PSS_SAMPLE pass=4 sample=2 mono_ms=8043760 pss_kb=296086 rss_kb=326532
PSS_SAMPLE pass=4 sample=3 mono_ms=8044010 pss_kb=476174 rss_kb=505988
PSS_SAMPLE pass=4 sample=4 mono_ms=8044260 pss_kb=690014 rss_kb=719876
PSS_SAMPLE pass=4 sample=5 mono_ms=8044510 pss_kb=960402 rss_kb=986960
PSS_SAMPLE pass=4 sample=6 mono_ms=8044770 pss_kb=964914 rss_kb=990160
PSS_SAMPLE pass=4 sample=7 mono_ms=8045010 pss_kb=964914 rss_kb=990160
PSS_SAMPLE pass=4 sample=8 mono_ms=8045290 pss_kb=964914 rss_kb=990160
PSS_SAMPLE pass=4 sample=9 mono_ms=8045510 pss_kb=964914 rss_kb=990160
PSS_SAMPLE pass=4 sample=10 mono_ms=8045770 pss_kb=964914 rss_kb=990160
PSS_SAMPLE pass=4 sample=11 mono_ms=8046010 pss_kb=964914 rss_kb=990160
PSS_SAMPLE pass=4 sample=12 mono_ms=8046260 pss_kb=964890 rss_kb=990160
PSS_SAMPLE pass=4 sample=13 mono_ms=8046520 pss_kb=964974 rss_kb=990288
PSS_SAMPLE pass=4 sample=14 mono_ms=8046760 pss_kb=964934 rss_kb=990268
PSS_SAMPLE pass=4 sample=15 mono_ms=8047010 pss_kb=964966 rss_kb=990268
PSS_SAMPLE pass=4 sample=16 mono_ms=8047260 pss_kb=965290 rss_kb=990524
PSS_SAMPLE pass=4 sample=17 mono_ms=8047510 pss_kb=965314 rss_kb=990524
PSS_SAMPLE pass=4 sample=18 mono_ms=8047760 pss_kb=965290 rss_kb=990524
PSS_SAMPLE pass=4 sample=19 mono_ms=8048000 pss_kb=965290 rss_kb=990524
PSS_SAMPLE pass=4 sample=20 mono_ms=8048280 pss_kb=965314 rss_kb=990524
PSS_SAMPLE pass=4 sample=21 mono_ms=8048510 pss_kb=965290 rss_kb=990524
PSS_SAMPLE pass=4 sample=22 mono_ms=8048770 pss_kb=965318 rss_kb=990524
PSS_SAMPLE pass=4 sample=23 mono_ms=8049010 pss_kb=965294 rss_kb=990524
PSS_SAMPLE pass=4 sample=24 mono_ms=8049270 pss_kb=965318 rss_kb=990524
PSS_SAMPLE pass=4 sample=25 mono_ms=8049510 pss_kb=965294 rss_kb=990524
PSS_SAMPLE pass=4 sample=26 mono_ms=8049750 pss_kb=965298 rss_kb=990524
PSS_SAMPLE pass=4 sample=27 mono_ms=8050010 pss_kb=965298 rss_kb=990652
PSS_SAMPLE pass=4 sample=28 mono_ms=8050250 pss_kb=965298 rss_kb=990652
PSS_SAMPLE pass=4 sample=29 mono_ms=8050520 pss_kb=965322 rss_kb=990652
PSS_SAMPLE pass=4 sample=30 mono_ms=8050760 pss_kb=965298 rss_kb=990652
PSS_SAMPLE pass=4 sample=31 mono_ms=8051020 pss_kb=965322 rss_kb=990652
PSS_SAMPLE pass=4 sample=32 mono_ms=8051260 pss_kb=965298 rss_kb=990652
PSS_SAMPLE pass=4 sample=33 mono_ms=8051500 pss_kb=965322 rss_kb=990652
PSS_SAMPLE pass=4 sample=34 mono_ms=8051750 pss_kb=965298 rss_kb=990652
PSS_SAMPLE pass=4 sample=35 mono_ms=8052000 pss_kb=965298 rss_kb=990652
PSS_SAMPLE pass=4 sample=36 mono_ms=8052260 pss_kb=965322 rss_kb=990652
PSS_SAMPLE pass=4 sample=37 mono_ms=8052500 pss_kb=965298 rss_kb=990652
PSS_SAMPLE pass=4 sample=38 mono_ms=8052770 pss_kb=965322 rss_kb=990652
PSS_SAMPLE pass=4 sample=39 mono_ms=8053020 pss_kb=965302 rss_kb=990652
PSS_SAMPLE pass=4 sample=40 mono_ms=8053270 pss_kb=965326 rss_kb=990652
PSS_SAMPLE pass=4 sample=41 mono_ms=8053510 pss_kb=965302 rss_kb=990652
PSS_SAMPLE pass=4 sample=42 mono_ms=8053760 pss_kb=965302 rss_kb=990652
PSS_SAMPLE pass=4 sample=43 mono_ms=8054010 pss_kb=965302 rss_kb=990652
PSS_SAMPLE pass=4 sample=44 mono_ms=8054250 pss_kb=965302 rss_kb=990652
PSS_SAMPLE pass=4 sample=45 mono_ms=8054510 pss_kb=965326 rss_kb=990652
PSS_SAMPLE pass=4 sample=46 mono_ms=8054760 pss_kb=965302 rss_kb=990652
PSS_SAMPLE pass=4 sample=47 mono_ms=8055010 pss_kb=965326 rss_kb=990652
PSS_SAMPLE pass=4 sample=48 mono_ms=8055260 pss_kb=965302 rss_kb=990652
PSS_SAMPLE pass=4 sample=49 mono_ms=8055510 pss_kb=965302 rss_kb=990652
PSS_SAMPLE pass=4 sample=50 mono_ms=8055760 pss_kb=965302 rss_kb=990652
PSS_SAMPLE pass=4 sample=51 mono_ms=8056000 pss_kb=965302 rss_kb=990652
PSS_SAMPLE pass=4 sample=52 mono_ms=8056260 pss_kb=965326 rss_kb=990652
PSS_SAMPLE pass=4 sample=53 mono_ms=8056510 pss_kb=965302 rss_kb=990652
PSS_SAMPLE pass=4 sample=54 mono_ms=8056760 pss_kb=965326 rss_kb=990652
PSS_SAMPLE pass=4 sample=55 mono_ms=8057000 pss_kb=965302 rss_kb=990652
PSS_SAMPLE pass=4 sample=56 mono_ms=8057250 pss_kb=965326 rss_kb=990652
PSS_SAMPLE pass=4 sample=57 mono_ms=8057510 pss_kb=965302 rss_kb=990652
PSS_SAMPLE pass=4 sample=58 mono_ms=8057750 pss_kb=965302 rss_kb=990652
PSS_SAMPLE pass=4 sample=59 mono_ms=8058000 pss_kb=965302 rss_kb=990652
PSS_SAMPLE pass=4 sample=60 mono_ms=8058260 pss_kb=965302 rss_kb=990652
PSS_SAMPLE pass=4 sample=61 mono_ms=8058530 pss_kb=965326 rss_kb=990652
PSS_SAMPLE pass=4 sample=62 mono_ms=8058750 pss_kb=965302 rss_kb=990652
PSS_SAMPLE pass=4 sample=63 mono_ms=8059000 pss_kb=965326 rss_kb=990652
PSS_SAMPLING_END pass=4 interval_ms=250 samples=64 duration_ms=15750
RUNTIME_COEXIST status=loaded path=/data/local/tmp/dictai-meeting-t8/20260924T203307Z-34202/existing-runtime/libggml-base.so
RUNTIME_COEXIST status=loaded path=/data/local/tmp/dictai-meeting-t8/20260924T203307Z-34202/existing-runtime/libggml-cpu.so
RUNTIME_COEXIST status=loaded path=/data/local/tmp/dictai-meeting-t8/20260924T203307Z-34202/existing-runtime/libggml.so
onnxruntime cpuid_info warning: Unknown CPU vendor. cpuinfo_vendor value: 0
RUNTIME_COEXIST status=loaded path=/data/local/tmp/dictai-meeting-t8/20260924T203307Z-34202/existing-runtime/libonnxruntime.so
RUNTIME_COEXIST status=loaded path=/data/local/tmp/dictai-meeting-t8/20260924T203307Z-34202/existing-runtime/libsherpa-onnx-c-api.so
RUNTIME_COEXIST status=loaded path=/data/local/tmp/dictai-meeting-t8/20260924T203307Z-34202/existing-runtime/libsherpa-onnx-cxx-api.so
RUNTIME_COEXIST status=loaded path=/data/local/tmp/dictai-meeting-t8/20260924T203307Z-34202/existing-runtime/libsherpa-onnx-jni.so
RUNTIME_COEXIST status=loaded path=/data/local/tmp/dictai-meeting-t8/20260924T203307Z-34202/existing-runtime/libtranscribe.so
RUNTIME_COEXIST status=loaded path=/data/local/tmp/dictai-meeting-t8/20260924T203307Z-34202/existing-runtime/libtranscribe_jni.so
RUNTIME_COEXIST_SUMMARY libraries=9 status=ok
AUDIO sample_rate=16000 channels=1 samples=204484 duration_ms=12780
PROCESS_MEMORY stage=audio-loaded rss_kb=48284 peak_rss_kb=48596
BENCH_CONFIG pass=4 variant=asr language=fr gpu=-1 log_status=0 punctuation=1 max_speakers=8 interim=1 endpoint=1 token_silence_ms=800 force_endpoint_ms=30000 cadence=realtime chunk_ms=160
BENCH_MODEL_LOAD pass=4 variant=asr elapsed_ms=66
BENCH_WARMUP pass=4 variant=asr elapsed_ms=2726 speakers=0
BENCH_TIMING_CHECK pass=4 origin=audio_capture_origin status=ok first_due_us=160000 expected_first_due_us=160000 last_due_us=12780250 expected_last_due_us=12780250
BENCH_PASS_BEGIN pass=4 variant=asr stream_clock=audio_capture_origin total_ms=12780
RESULT pass=4 phase=interim revision=1 utterance_id=1 mono_ms=1011 stable_speaker_ms=0 word_count=0
RESULT pass=4 phase=interim revision=2 utterance_id=1 mono_ms=1169 stable_speaker_ms=0 word_count=0
RESULT pass=4 phase=interim revision=3 utterance_id=1 mono_ms=1380 stable_speaker_ms=0 word_count=0
RESULT pass=4 phase=interim revision=4 utterance_id=1 mono_ms=1488 stable_speaker_ms=0 word_count=1
WORD pass=4 revision=4 utterance_id=1 word_index=0 start_ms=640 end_ms=800 speaker_tag=0 word="Bonjour,"
RESULT pass=4 phase=interim revision=5 utterance_id=1 mono_ms=1665 stable_speaker_ms=0 word_count=1
WORD pass=4 revision=5 utterance_id=1 word_index=0 start_ms=640 end_ms=800 speaker_tag=0 word="Bonjour,"
RESULT pass=4 phase=interim revision=6 utterance_id=1 mono_ms=1815 stable_speaker_ms=0 word_count=3
WORD pass=4 revision=6 utterance_id=1 word_index=0 start_ms=640 end_ms=800 speaker_tag=0 word="Bonjour,"
WORD pass=4 revision=6 utterance_id=1 word_index=1 start_ms=1120 end_ms=1440 speaker_tag=0 word="ouvrons"
WORD pass=4 revision=6 utterance_id=1 word_index=2 start_ms=1440 end_ms=1520 speaker_tag=0 word="la"
RESULT pass=4 phase=interim revision=7 utterance_id=1 mono_ms=1967 stable_speaker_ms=0 word_count=3
WORD pass=4 revision=7 utterance_id=1 word_index=0 start_ms=640 end_ms=800 speaker_tag=0 word="Bonjour,"
WORD pass=4 revision=7 utterance_id=1 word_index=1 start_ms=1120 end_ms=1440 speaker_tag=0 word="ouvrons"
WORD pass=4 revision=7 utterance_id=1 word_index=2 start_ms=1440 end_ms=1520 speaker_tag=0 word="la"
RESULT pass=4 phase=interim revision=8 utterance_id=1 mono_ms=2170 stable_speaker_ms=0 word_count=4
WORD pass=4 revision=8 utterance_id=1 word_index=0 start_ms=640 end_ms=800 speaker_tag=0 word="Bonjour,"
WORD pass=4 revision=8 utterance_id=1 word_index=1 start_ms=1120 end_ms=1440 speaker_tag=0 word="ouvrons"
WORD pass=4 revision=8 utterance_id=1 word_index=2 start_ms=1440 end_ms=1520 speaker_tag=0 word="la"
WORD pass=4 revision=8 utterance_id=1 word_index=3 start_ms=1520 end_ms=1760 speaker_tag=0 word="réunion"
RESULT pass=4 phase=interim revision=9 utterance_id=1 mono_ms=2296 stable_speaker_ms=0 word_count=5
WORD pass=4 revision=9 utterance_id=1 word_index=0 start_ms=640 end_ms=800 speaker_tag=0 word="Bonjour,"
WORD pass=4 revision=9 utterance_id=1 word_index=1 start_ms=1120 end_ms=1440 speaker_tag=0 word="ouvrons"
WORD pass=4 revision=9 utterance_id=1 word_index=2 start_ms=1440 end_ms=1520 speaker_tag=0 word="la"
WORD pass=4 revision=9 utterance_id=1 word_index=3 start_ms=1520 end_ms=1760 speaker_tag=0 word="réunion"
WORD pass=4 revision=9 utterance_id=1 word_index=4 start_ms=1840 end_ms=1920 speaker_tag=0 word="de"
RESULT pass=4 phase=interim revision=10 utterance_id=1 mono_ms=2443 stable_speaker_ms=0 word_count=6
WORD pass=4 revision=10 utterance_id=1 word_index=0 start_ms=640 end_ms=800 speaker_tag=0 word="Bonjour,"
WORD pass=4 revision=10 utterance_id=1 word_index=1 start_ms=1120 end_ms=1440 speaker_tag=0 word="ouvrons"
WORD pass=4 revision=10 utterance_id=1 word_index=2 start_ms=1440 end_ms=1520 speaker_tag=0 word="la"
WORD pass=4 revision=10 utterance_id=1 word_index=3 start_ms=1520 end_ms=1760 speaker_tag=0 word="réunion"
WORD pass=4 revision=10 utterance_id=1 word_index=4 start_ms=1840 end_ms=1920 speaker_tag=0 word="de"
WORD pass=4 revision=10 utterance_id=1 word_index=5 start_ms=2000 end_ms=2080 speaker_tag=0 word="la"
RESULT pass=4 phase=interim revision=11 utterance_id=1 mono_ms=2648 stable_speaker_ms=0 word_count=6
WORD pass=4 revision=11 utterance_id=1 word_index=0 start_ms=640 end_ms=800 speaker_tag=0 word="Bonjour,"
WORD pass=4 revision=11 utterance_id=1 word_index=1 start_ms=1120 end_ms=1440 speaker_tag=0 word="ouvrons"
WORD pass=4 revision=11 utterance_id=1 word_index=2 start_ms=1440 end_ms=1520 speaker_tag=0 word="la"
WORD pass=4 revision=11 utterance_id=1 word_index=3 start_ms=1520 end_ms=1760 speaker_tag=0 word="réunion"
WORD pass=4 revision=11 utterance_id=1 word_index=4 start_ms=1840 end_ms=1920 speaker_tag=0 word="de"
WORD pass=4 revision=11 utterance_id=1 word_index=5 start_ms=2000 end_ms=2080 speaker_tag=0 word="la"
RESULT pass=4 phase=interim revision=12 utterance_id=1 mono_ms=2763 stable_speaker_ms=0 word_count=6
WORD pass=4 revision=12 utterance_id=1 word_index=0 start_ms=640 end_ms=800 speaker_tag=0 word="Bonjour,"
WORD pass=4 revision=12 utterance_id=1 word_index=1 start_ms=1120 end_ms=1440 speaker_tag=0 word="ouvrons"
WORD pass=4 revision=12 utterance_id=1 word_index=2 start_ms=1440 end_ms=1520 speaker_tag=0 word="la"
WORD pass=4 revision=12 utterance_id=1 word_index=3 start_ms=1520 end_ms=1760 speaker_tag=0 word="réunion"
WORD pass=4 revision=12 utterance_id=1 word_index=4 start_ms=1840 end_ms=1920 speaker_tag=0 word="de"
WORD pass=4 revision=12 utterance_id=1 word_index=5 start_ms=2000 end_ms=2080 speaker_tag=0 word="la"
RESULT pass=4 phase=interim revision=13 utterance_id=1 mono_ms=2922 stable_speaker_ms=0 word_count=6
WORD pass=4 revision=13 utterance_id=1 word_index=0 start_ms=640 end_ms=800 speaker_tag=0 word="Bonjour,"
WORD pass=4 revision=13 utterance_id=1 word_index=1 start_ms=1120 end_ms=1440 speaker_tag=0 word="ouvrons"
WORD pass=4 revision=13 utterance_id=1 word_index=2 start_ms=1440 end_ms=1520 speaker_tag=0 word="la"
WORD pass=4 revision=13 utterance_id=1 word_index=3 start_ms=1520 end_ms=1760 speaker_tag=0 word="réunion"
WORD pass=4 revision=13 utterance_id=1 word_index=4 start_ms=1840 end_ms=1920 speaker_tag=0 word="de"
WORD pass=4 revision=13 utterance_id=1 word_index=5 start_ms=2000 end_ms=2080 speaker_tag=0 word="la"
RESULT pass=4 phase=interim revision=14 utterance_id=1 mono_ms=3128 stable_speaker_ms=0 word_count=6
WORD pass=4 revision=14 utterance_id=1 word_index=0 start_ms=640 end_ms=800 speaker_tag=0 word="Bonjour,"
WORD pass=4 revision=14 utterance_id=1 word_index=1 start_ms=1120 end_ms=1440 speaker_tag=0 word="ouvrons"
WORD pass=4 revision=14 utterance_id=1 word_index=2 start_ms=1440 end_ms=1520 speaker_tag=0 word="la"
WORD pass=4 revision=14 utterance_id=1 word_index=3 start_ms=1520 end_ms=1760 speaker_tag=0 word="réunion"
WORD pass=4 revision=14 utterance_id=1 word_index=4 start_ms=1840 end_ms=1920 speaker_tag=0 word="de"
WORD pass=4 revision=14 utterance_id=1 word_index=5 start_ms=2000 end_ms=2080 speaker_tag=0 word="la"
RESULT pass=4 phase=interim revision=15 utterance_id=1 mono_ms=3244 stable_speaker_ms=0 word_count=6
WORD pass=4 revision=15 utterance_id=1 word_index=0 start_ms=640 end_ms=800 speaker_tag=0 word="Bonjour,"
WORD pass=4 revision=15 utterance_id=1 word_index=1 start_ms=1120 end_ms=1440 speaker_tag=0 word="ouvrons"
WORD pass=4 revision=15 utterance_id=1 word_index=2 start_ms=1440 end_ms=1520 speaker_tag=0 word="la"
WORD pass=4 revision=15 utterance_id=1 word_index=3 start_ms=1520 end_ms=1760 speaker_tag=0 word="réunion"
WORD pass=4 revision=15 utterance_id=1 word_index=4 start_ms=1840 end_ms=1920 speaker_tag=0 word="de"
WORD pass=4 revision=15 utterance_id=1 word_index=5 start_ms=2000 end_ms=2080 speaker_tag=0 word="la"
RESULT pass=4 phase=final_initial revision=16 utterance_id=1 mono_ms=3409 stable_speaker_ms=0 word_count=7
WORD pass=4 revision=16 utterance_id=1 word_index=0 start_ms=640 end_ms=800 speaker_tag=0 word="Bonjour,"
WORD pass=4 revision=16 utterance_id=1 word_index=1 start_ms=1120 end_ms=1440 speaker_tag=0 word="ouvrons"
WORD pass=4 revision=16 utterance_id=1 word_index=2 start_ms=1440 end_ms=1520 speaker_tag=0 word="la"
WORD pass=4 revision=16 utterance_id=1 word_index=3 start_ms=1520 end_ms=1760 speaker_tag=0 word="réunion"
WORD pass=4 revision=16 utterance_id=1 word_index=4 start_ms=1840 end_ms=1920 speaker_tag=0 word="de"
WORD pass=4 revision=16 utterance_id=1 word_index=5 start_ms=2000 end_ms=2080 speaker_tag=0 word="la"
WORD pass=4 revision=16 utterance_id=1 word_index=6 start_ms=2160 end_ms=2320 speaker_tag=0 word="semaine"
RESULT pass=4 phase=interim revision=1 utterance_id=2 mono_ms=3731 stable_speaker_ms=0 word_count=0
RESULT pass=4 phase=interim revision=2 utterance_id=2 mono_ms=3915 stable_speaker_ms=0 word_count=1
WORD pass=4 revision=2 utterance_id=2 word_index=0 start_ms=3360 end_ms=3440 speaker_tag=0 word="je"
RESULT pass=4 phase=interim revision=3 utterance_id=2 mono_ms=4047 stable_speaker_ms=0 word_count=1
WORD pass=4 revision=3 utterance_id=2 word_index=0 start_ms=3360 end_ms=3440 speaker_tag=0 word="je"
RESULT pass=4 phase=interim revision=4 utterance_id=2 mono_ms=4202 stable_speaker_ms=0 word_count=1
WORD pass=4 revision=4 utterance_id=2 word_index=0 start_ms=3360 end_ms=3440 speaker_tag=0 word="je"
RESULT pass=4 phase=interim revision=5 utterance_id=2 mono_ms=4414 stable_speaker_ms=0 word_count=2
WORD pass=4 revision=5 utterance_id=2 word_index=0 start_ms=3360 end_ms=3440 speaker_tag=0 word="je"
WORD pass=4 revision=5 utterance_id=2 word_index=1 start_ms=3600 end_ms=3840 speaker_tag=0 word="propose"
RESULT pass=4 phase=interim revision=6 utterance_id=2 mono_ms=4527 stable_speaker_ms=0 word_count=2
WORD pass=4 revision=6 utterance_id=2 word_index=0 start_ms=3360 end_ms=3440 speaker_tag=0 word="je"
WORD pass=4 revision=6 utterance_id=2 word_index=1 start_ms=3600 end_ms=3840 speaker_tag=0 word="propose"
RESULT pass=4 phase=interim revision=7 utterance_id=2 mono_ms=4685 stable_speaker_ms=0 word_count=3
WORD pass=4 revision=7 utterance_id=2 word_index=0 start_ms=3360 end_ms=3440 speaker_tag=0 word="je"
WORD pass=4 revision=7 utterance_id=2 word_index=1 start_ms=3600 end_ms=3840 speaker_tag=0 word="propose"
WORD pass=4 revision=7 utterance_id=2 word_index=2 start_ms=4000 end_ms=4160 speaker_tag=0 word="jeudi"
RESULT pass=4 phase=interim revision=8 utterance_id=2 mono_ms=4887 stable_speaker_ms=0 word_count=3
WORD pass=4 revision=8 utterance_id=2 word_index=0 start_ms=3360 end_ms=3440 speaker_tag=0 word="je"
WORD pass=4 revision=8 utterance_id=2 word_index=1 start_ms=3600 end_ms=3840 speaker_tag=0 word="propose"
WORD pass=4 revision=8 utterance_id=2 word_index=2 start_ms=4000 end_ms=4160 speaker_tag=0 word="jeudi"
RESULT pass=4 phase=interim revision=9 utterance_id=2 mono_ms=5008 stable_speaker_ms=0 word_count=4
WORD pass=4 revision=9 utterance_id=2 word_index=0 start_ms=3360 end_ms=3440 speaker_tag=0 word="je"
WORD pass=4 revision=9 utterance_id=2 word_index=1 start_ms=3600 end_ms=3840 speaker_tag=0 word="propose"
WORD pass=4 revision=9 utterance_id=2 word_index=2 start_ms=4000 end_ms=4160 speaker_tag=0 word="jeudi"
WORD pass=4 revision=9 utterance_id=2 word_index=3 start_ms=4400 end_ms=4560 speaker_tag=0 word="matin"
RESULT pass=4 phase=interim revision=10 utterance_id=2 mono_ms=5164 stable_speaker_ms=0 word_count=5
WORD pass=4 revision=10 utterance_id=2 word_index=0 start_ms=3360 end_ms=3440 speaker_tag=0 word="je"
WORD pass=4 revision=10 utterance_id=2 word_index=1 start_ms=3600 end_ms=3840 speaker_tag=0 word="propose"
WORD pass=4 revision=10 utterance_id=2 word_index=2 start_ms=4000 end_ms=4160 speaker_tag=0 word="jeudi"
WORD pass=4 revision=10 utterance_id=2 word_index=3 start_ms=4400 end_ms=4560 speaker_tag=0 word="matin"
WORD pass=4 revision=10 utterance_id=2 word_index=4 start_ms=4720 end_ms=4800 speaker_tag=0 word="pour"
RESULT pass=4 phase=interim revision=11 utterance_id=2 mono_ms=5364 stable_speaker_ms=0 word_count=6
WORD pass=4 revision=11 utterance_id=2 word_index=0 start_ms=3360 end_ms=3440 speaker_tag=0 word="je"
WORD pass=4 revision=11 utterance_id=2 word_index=1 start_ms=3600 end_ms=3840 speaker_tag=0 word="propose"
WORD pass=4 revision=11 utterance_id=2 word_index=2 start_ms=4000 end_ms=4160 speaker_tag=0 word="jeudi"
WORD pass=4 revision=11 utterance_id=2 word_index=3 start_ms=4400 end_ms=4560 speaker_tag=0 word="matin"
WORD pass=4 revision=11 utterance_id=2 word_index=4 start_ms=4720 end_ms=4800 speaker_tag=0 word="pour"
WORD pass=4 revision=11 utterance_id=2 word_index=5 start_ms=4800 end_ms=4880 speaker_tag=0 word="le"
RESULT pass=4 phase=interim revision=12 utterance_id=2 mono_ms=5488 stable_speaker_ms=0 word_count=6
WORD pass=4 revision=12 utterance_id=2 word_index=0 start_ms=3360 end_ms=3440 speaker_tag=0 word="je"
WORD pass=4 revision=12 utterance_id=2 word_index=1 start_ms=3600 end_ms=3840 speaker_tag=0 word="propose"
WORD pass=4 revision=12 utterance_id=2 word_index=2 start_ms=4000 end_ms=4160 speaker_tag=0 word="jeudi"
WORD pass=4 revision=12 utterance_id=2 word_index=3 start_ms=4400 end_ms=4560 speaker_tag=0 word="matin"
WORD pass=4 revision=12 utterance_id=2 word_index=4 start_ms=4720 end_ms=4800 speaker_tag=0 word="pour"
WORD pass=4 revision=12 utterance_id=2 word_index=5 start_ms=4800 end_ms=4880 speaker_tag=0 word="le"
RESULT pass=4 phase=interim revision=13 utterance_id=2 mono_ms=5651 stable_speaker_ms=0 word_count=6
WORD pass=4 revision=13 utterance_id=2 word_index=0 start_ms=3360 end_ms=3440 speaker_tag=0 word="je"
WORD pass=4 revision=13 utterance_id=2 word_index=1 start_ms=3600 end_ms=3840 speaker_tag=0 word="propose"
WORD pass=4 revision=13 utterance_id=2 word_index=2 start_ms=4000 end_ms=4160 speaker_tag=0 word="jeudi"
WORD pass=4 revision=13 utterance_id=2 word_index=3 start_ms=4400 end_ms=4560 speaker_tag=0 word="matin"
WORD pass=4 revision=13 utterance_id=2 word_index=4 start_ms=4720 end_ms=4800 speaker_tag=0 word="pour"
WORD pass=4 revision=13 utterance_id=2 word_index=5 start_ms=4800 end_ms=4880 speaker_tag=0 word="le"
RESULT pass=4 phase=interim revision=14 utterance_id=2 mono_ms=5809 stable_speaker_ms=0 word_count=6
WORD pass=4 revision=14 utterance_id=2 word_index=0 start_ms=3360 end_ms=3440 speaker_tag=0 word="je"
WORD pass=4 revision=14 utterance_id=2 word_index=1 start_ms=3600 end_ms=3840 speaker_tag=0 word="propose"
WORD pass=4 revision=14 utterance_id=2 word_index=2 start_ms=4000 end_ms=4160 speaker_tag=0 word="jeudi"
WORD pass=4 revision=14 utterance_id=2 word_index=3 start_ms=4400 end_ms=4560 speaker_tag=0 word="matin"
WORD pass=4 revision=14 utterance_id=2 word_index=4 start_ms=4720 end_ms=4800 speaker_tag=0 word="pour"
WORD pass=4 revision=14 utterance_id=2 word_index=5 start_ms=4800 end_ms=4880 speaker_tag=0 word="le"
RESULT pass=4 phase=interim revision=15 utterance_id=2 mono_ms=5962 stable_speaker_ms=0 word_count=6
WORD pass=4 revision=15 utterance_id=2 word_index=0 start_ms=3360 end_ms=3440 speaker_tag=0 word="je"
WORD pass=4 revision=15 utterance_id=2 word_index=1 start_ms=3600 end_ms=3840 speaker_tag=0 word="propose"
WORD pass=4 revision=15 utterance_id=2 word_index=2 start_ms=4000 end_ms=4160 speaker_tag=0 word="jeudi"
WORD pass=4 revision=15 utterance_id=2 word_index=3 start_ms=4400 end_ms=4560 speaker_tag=0 word="matin"
WORD pass=4 revision=15 utterance_id=2 word_index=4 start_ms=4720 end_ms=4800 speaker_tag=0 word="pour"
WORD pass=4 revision=15 utterance_id=2 word_index=5 start_ms=4800 end_ms=4880 speaker_tag=0 word="le"
RESULT pass=4 phase=interim revision=16 utterance_id=2 mono_ms=6174 stable_speaker_ms=0 word_count=6
WORD pass=4 revision=16 utterance_id=2 word_index=0 start_ms=3360 end_ms=3440 speaker_tag=0 word="je"
WORD pass=4 revision=16 utterance_id=2 word_index=1 start_ms=3600 end_ms=3840 speaker_tag=0 word="propose"
WORD pass=4 revision=16 utterance_id=2 word_index=2 start_ms=4000 end_ms=4160 speaker_tag=0 word="jeudi"
WORD pass=4 revision=16 utterance_id=2 word_index=3 start_ms=4400 end_ms=4560 speaker_tag=0 word="matin"
WORD pass=4 revision=16 utterance_id=2 word_index=4 start_ms=4720 end_ms=4800 speaker_tag=0 word="pour"
WORD pass=4 revision=16 utterance_id=2 word_index=5 start_ms=4800 end_ms=4880 speaker_tag=0 word="le"
RESULT pass=4 phase=final_initial revision=17 utterance_id=2 mono_ms=6287 stable_speaker_ms=0 word_count=7
WORD pass=4 revision=17 utterance_id=2 word_index=0 start_ms=3360 end_ms=3440 speaker_tag=0 word="je"
WORD pass=4 revision=17 utterance_id=2 word_index=1 start_ms=3600 end_ms=3840 speaker_tag=0 word="propose"
WORD pass=4 revision=17 utterance_id=2 word_index=2 start_ms=4000 end_ms=4160 speaker_tag=0 word="jeudi"
WORD pass=4 revision=17 utterance_id=2 word_index=3 start_ms=4400 end_ms=4560 speaker_tag=0 word="matin"
WORD pass=4 revision=17 utterance_id=2 word_index=4 start_ms=4720 end_ms=4800 speaker_tag=0 word="pour"
WORD pass=4 revision=17 utterance_id=2 word_index=5 start_ms=4800 end_ms=4880 speaker_tag=0 word="le"
WORD pass=4 revision=17 utterance_id=2 word_index=6 start_ms=5040 end_ms=5200 speaker_tag=0 word="suivi"
RESULT pass=4 phase=interim revision=1 utterance_id=3 mono_ms=6695 stable_speaker_ms=0 word_count=0
RESULT pass=4 phase=interim revision=2 utterance_id=3 mono_ms=6770 stable_speaker_ms=0 word_count=0
RESULT pass=4 phase=interim revision=3 utterance_id=3 mono_ms=6920 stable_speaker_ms=0 word_count=0
RESULT pass=4 phase=interim revision=4 utterance_id=3 mono_ms=7126 stable_speaker_ms=0 word_count=0
RESULT pass=4 phase=interim revision=5 utterance_id=3 mono_ms=7246 stable_speaker_ms=0 word_count=0
RESULT pass=4 phase=interim revision=6 utterance_id=3 mono_ms=7412 stable_speaker_ms=0 word_count=1
WORD pass=4 revision=6 utterance_id=3 word_index=0 start_ms=6240 end_ms=6400 speaker_tag=0 word="d'accord,"
RESULT pass=4 phase=interim revision=7 utterance_id=3 mono_ms=7569 stable_speaker_ms=0 word_count=2
WORD pass=4 revision=7 utterance_id=3 word_index=0 start_ms=6240 end_ms=6400 speaker_tag=0 word="d'accord,"
WORD pass=4 revision=7 utterance_id=3 word_index=1 start_ms=7040 end_ms=7120 speaker_tag=0 word="je"
RESULT pass=4 phase=interim revision=8 utterance_id=3 mono_ms=7731 stable_speaker_ms=0 word_count=2
WORD pass=4 revision=8 utterance_id=3 word_index=0 start_ms=6240 end_ms=6400 speaker_tag=0 word="d'accord,"
WORD pass=4 revision=8 utterance_id=3 word_index=1 start_ms=7040 end_ms=7120 speaker_tag=0 word="je"
RESULT pass=4 phase=interim revision=9 utterance_id=3 mono_ms=7906 stable_speaker_ms=0 word_count=2
WORD pass=4 revision=9 utterance_id=3 word_index=0 start_ms=6240 end_ms=6400 speaker_tag=0 word="d'accord,"
WORD pass=4 revision=9 utterance_id=3 word_index=1 start_ms=7040 end_ms=7120 speaker_tag=0 word="je"
RESULT pass=4 phase=interim revision=10 utterance_id=3 mono_ms=8057 stable_speaker_ms=0 word_count=4
WORD pass=4 revision=10 utterance_id=3 word_index=0 start_ms=6240 end_ms=6400 speaker_tag=0 word="d'accord,"
WORD pass=4 revision=10 utterance_id=3 word_index=1 start_ms=7040 end_ms=7120 speaker_tag=0 word="je"
WORD pass=4 revision=10 utterance_id=3 word_index=2 start_ms=7200 end_ms=7520 speaker_tag=0 word="prépare"
WORD pass=4 revision=10 utterance_id=3 word_index=3 start_ms=7680 end_ms=7760 speaker_tag=0 word="la"
RESULT pass=4 phase=interim revision=11 utterance_id=3 mono_ms=8206 stable_speaker_ms=0 word_count=4
WORD pass=4 revision=11 utterance_id=3 word_index=0 start_ms=6240 end_ms=6400 speaker_tag=0 word="d'accord,"
WORD pass=4 revision=11 utterance_id=3 word_index=1 start_ms=7040 end_ms=7120 speaker_tag=0 word="je"
WORD pass=4 revision=11 utterance_id=3 word_index=2 start_ms=7200 end_ms=7520 speaker_tag=0 word="prépare"
WORD pass=4 revision=11 utterance_id=3 word_index=3 start_ms=7680 end_ms=7760 speaker_tag=0 word="la"
RESULT pass=4 phase=interim revision=12 utterance_id=3 mono_ms=8413 stable_speaker_ms=0 word_count=4
WORD pass=4 revision=12 utterance_id=3 word_index=0 start_ms=6240 end_ms=6400 speaker_tag=0 word="d'accord,"
WORD pass=4 revision=12 utterance_id=3 word_index=1 start_ms=7040 end_ms=7120 speaker_tag=0 word="je"
WORD pass=4 revision=12 utterance_id=3 word_index=2 start_ms=7200 end_ms=7520 speaker_tag=0 word="prépare"
WORD pass=4 revision=12 utterance_id=3 word_index=3 start_ms=7680 end_ms=7760 speaker_tag=0 word="la"
RESULT pass=4 phase=interim revision=13 utterance_id=3 mono_ms=8528 stable_speaker_ms=0 word_count=4
WORD pass=4 revision=13 utterance_id=3 word_index=0 start_ms=6240 end_ms=6400 speaker_tag=0 word="d'accord,"
WORD pass=4 revision=13 utterance_id=3 word_index=1 start_ms=7040 end_ms=7120 speaker_tag=0 word="je"
WORD pass=4 revision=13 utterance_id=3 word_index=2 start_ms=7200 end_ms=7520 speaker_tag=0 word="prépare"
WORD pass=4 revision=13 utterance_id=3 word_index=3 start_ms=7680 end_ms=7760 speaker_tag=0 word="la"
RESULT pass=4 phase=interim revision=14 utterance_id=3 mono_ms=8680 stable_speaker_ms=0 word_count=4
WORD pass=4 revision=14 utterance_id=3 word_index=0 start_ms=6240 end_ms=6400 speaker_tag=0 word="d'accord,"
WORD pass=4 revision=14 utterance_id=3 word_index=1 start_ms=7040 end_ms=7120 speaker_tag=0 word="je"
WORD pass=4 revision=14 utterance_id=3 word_index=2 start_ms=7200 end_ms=7520 speaker_tag=0 word="prépare"
WORD pass=4 revision=14 utterance_id=3 word_index=3 start_ms=7680 end_ms=7760 speaker_tag=0 word="la"
RESULT pass=4 phase=interim revision=15 utterance_id=3 mono_ms=8897 stable_speaker_ms=0 word_count=4
WORD pass=4 revision=15 utterance_id=3 word_index=0 start_ms=6240 end_ms=6400 speaker_tag=0 word="d'accord,"
WORD pass=4 revision=15 utterance_id=3 word_index=1 start_ms=7040 end_ms=7120 speaker_tag=0 word="je"
WORD pass=4 revision=15 utterance_id=3 word_index=2 start_ms=7200 end_ms=7520 speaker_tag=0 word="prépare"
WORD pass=4 revision=15 utterance_id=3 word_index=3 start_ms=7680 end_ms=7760 speaker_tag=0 word="la"
RESULT pass=4 phase=interim revision=16 utterance_id=3 mono_ms=9005 stable_speaker_ms=0 word_count=4
WORD pass=4 revision=16 utterance_id=3 word_index=0 start_ms=6240 end_ms=6400 speaker_tag=0 word="d'accord,"
WORD pass=4 revision=16 utterance_id=3 word_index=1 start_ms=7040 end_ms=7120 speaker_tag=0 word="je"
WORD pass=4 revision=16 utterance_id=3 word_index=2 start_ms=7200 end_ms=7520 speaker_tag=0 word="prépare"
WORD pass=4 revision=16 utterance_id=3 word_index=3 start_ms=7680 end_ms=7760 speaker_tag=0 word="la"
RESULT pass=4 phase=interim revision=17 utterance_id=3 mono_ms=9172 stable_speaker_ms=0 word_count=4
WORD pass=4 revision=17 utterance_id=3 word_index=0 start_ms=6240 end_ms=6400 speaker_tag=0 word="d'accord,"
WORD pass=4 revision=17 utterance_id=3 word_index=1 start_ms=7040 end_ms=7120 speaker_tag=0 word="je"
WORD pass=4 revision=17 utterance_id=3 word_index=2 start_ms=7200 end_ms=7520 speaker_tag=0 word="prépare"
WORD pass=4 revision=17 utterance_id=3 word_index=3 start_ms=7680 end_ms=7760 speaker_tag=0 word="la"
RESULT pass=4 phase=final_initial revision=18 utterance_id=3 mono_ms=9338 stable_speaker_ms=0 word_count=5
WORD pass=4 revision=18 utterance_id=3 word_index=0 start_ms=6240 end_ms=6400 speaker_tag=0 word="d'accord,"
WORD pass=4 revision=18 utterance_id=3 word_index=1 start_ms=7040 end_ms=7120 speaker_tag=0 word="je"
WORD pass=4 revision=18 utterance_id=3 word_index=2 start_ms=7200 end_ms=7520 speaker_tag=0 word="prépare"
WORD pass=4 revision=18 utterance_id=3 word_index=3 start_ms=7680 end_ms=7760 speaker_tag=0 word="la"
WORD pass=4 revision=18 utterance_id=3 word_index=4 start_ms=7760 end_ms=8240 speaker_tag=0 word="synthèse"
RESULT pass=4 phase=interim revision=1 utterance_id=4 mono_ms=10288 stable_speaker_ms=0 word_count=0
RESULT pass=4 phase=interim revision=2 utterance_id=4 mono_ms=10445 stable_speaker_ms=0 word_count=1
WORD pass=4 revision=2 utterance_id=4 word_index=0 start_ms=10000 end_ms=10080 speaker_tag=0 word="nous"
RESULT pass=4 phase=interim revision=3 utterance_id=4 mono_ms=10661 stable_speaker_ms=0 word_count=1
WORD pass=4 revision=3 utterance_id=4 word_index=0 start_ms=10000 end_ms=10080 speaker_tag=0 word="nous"
RESULT pass=4 phase=interim revision=4 utterance_id=4 mono_ms=10767 stable_speaker_ms=0 word_count=1
WORD pass=4 revision=4 utterance_id=4 word_index=0 start_ms=10000 end_ms=10080 speaker_tag=0 word="nous"
RESULT pass=4 phase=interim revision=5 utterance_id=4 mono_ms=10928 stable_speaker_ms=0 word_count=2
WORD pass=4 revision=5 utterance_id=4 word_index=0 start_ms=10000 end_ms=10080 speaker_tag=0 word="nous"
WORD pass=4 revision=5 utterance_id=4 word_index=1 start_ms=10080 end_ms=10480 speaker_tag=0 word="reprenons"
RESULT pass=4 phase=interim revision=6 utterance_id=4 mono_ms=11127 stable_speaker_ms=0 word_count=2
WORD pass=4 revision=6 utterance_id=4 word_index=0 start_ms=10000 end_ms=10080 speaker_tag=0 word="nous"
WORD pass=4 revision=6 utterance_id=4 word_index=1 start_ms=10080 end_ms=10480 speaker_tag=0 word="reprenons"
RESULT pass=4 phase=interim revision=7 utterance_id=4 mono_ms=11246 stable_speaker_ms=0 word_count=2
WORD pass=4 revision=7 utterance_id=4 word_index=0 start_ms=10000 end_ms=10080 speaker_tag=0 word="nous"
WORD pass=4 revision=7 utterance_id=4 word_index=1 start_ms=10080 end_ms=10480 speaker_tag=0 word="reprenons"
RESULT pass=4 phase=interim revision=8 utterance_id=4 mono_ms=11418 stable_speaker_ms=0 word_count=2
WORD pass=4 revision=8 utterance_id=4 word_index=0 start_ms=10000 end_ms=10080 speaker_tag=0 word="nous"
WORD pass=4 revision=8 utterance_id=4 word_index=1 start_ms=10080 end_ms=10480 speaker_tag=0 word="reprenons"
RESULT pass=4 phase=interim revision=9 utterance_id=4 mono_ms=11565 stable_speaker_ms=0 word_count=2
WORD pass=4 revision=9 utterance_id=4 word_index=0 start_ms=10000 end_ms=10080 speaker_tag=0 word="nous"
WORD pass=4 revision=9 utterance_id=4 word_index=1 start_ms=10080 end_ms=10480 speaker_tag=0 word="reprenons"
RESULT pass=4 phase=final_initial revision=10 utterance_id=4 mono_ms=11729 stable_speaker_ms=0 word_count=3
WORD pass=4 revision=10 utterance_id=4 word_index=0 start_ms=10000 end_ms=10080 speaker_tag=0 word="nous"
WORD pass=4 revision=10 utterance_id=4 word_index=1 start_ms=10080 end_ms=10480 speaker_tag=0 word="reprenons"
WORD pass=4 revision=10 utterance_id=4 word_index=2 start_ms=10560 end_ms=10720 speaker_tag=0 word="jeudi"
BENCH_FINISH_BEGIN pass=4 pushed_ms=12780 total_ms=12780
BENCH_FINISH_END pass=4 elapsed_ms=119
BENCH_PASS_SUMMARY pass=4 variant=asr load_ms=66 warmup_ms=2726 wall_ms=12982 push_ms=0 next_ms=4726 finish_ms=119 rtf=1.016 max_input_lag_ms=5 result_events=61 word_events=185 stable_sequence=
BENCH_PASS_END pass=4 variant=asr
HOST_PASS_END pass=4 variant=asr
HOST_PASS_BEGIN pass=5 variant=asr command=adb -s emulator-5554 shell sh /data/local/tmp/dictai-meeting-t8/20260924T203307Z-34202/meeting-benchmark-pass-remote.sh 5 asr /data/local/tmp/dictai-meeting-t8/20260924T203307Z-34202
PSS_SAMPLING_BEGIN pass=5 interval_ms=250 source=proc-smaps_rollup+status overhead=proc_scan_and_adb_stream
PSS_SAMPLE pass=5 sample=0 mono_ms=8059310 pss_kb=8643 rss_kb=14848
PSS_SAMPLE pass=5 sample=1 mono_ms=8059560 pss_kb=179515 rss_kb=210316
PSS_SAMPLE pass=5 sample=2 mono_ms=8059810 pss_kb=480659 rss_kb=511756
PSS_SAMPLE pass=5 sample=3 mono_ms=8060070 pss_kb=841683 rss_kb=901388
PSS_SAMPLE pass=5 sample=4 mono_ms=8060330 pss_kb=965123 rss_kb=990184
PSS_SAMPLE pass=5 sample=5 mono_ms=8060570 pss_kb=965123 rss_kb=990184
PSS_SAMPLE pass=5 sample=6 mono_ms=8060820 pss_kb=965123 rss_kb=990184
PSS_SAMPLE pass=5 sample=7 mono_ms=8061060 pss_kb=965123 rss_kb=990184
PSS_SAMPLE pass=5 sample=8 mono_ms=8061320 pss_kb=965123 rss_kb=990184
PSS_SAMPLE pass=5 sample=9 mono_ms=8061560 pss_kb=965123 rss_kb=990184
PSS_SAMPLE pass=5 sample=10 mono_ms=8061820 pss_kb=965095 rss_kb=990184
PSS_SAMPLE pass=5 sample=11 mono_ms=8062070 pss_kb=965151 rss_kb=990288
PSS_SAMPLE pass=5 sample=12 mono_ms=8062320 pss_kb=965175 rss_kb=990288
PSS_SAMPLE pass=5 sample=13 mono_ms=8062560 pss_kb=965151 rss_kb=990288
PSS_SAMPLE pass=5 sample=14 mono_ms=8062820 pss_kb=965515 rss_kb=990672
PSS_SAMPLE pass=5 sample=15 mono_ms=8063070 pss_kb=965491 rss_kb=990672
PSS_SAMPLE pass=5 sample=16 mono_ms=8063320 pss_kb=965491 rss_kb=990672
PSS_SAMPLE pass=5 sample=17 mono_ms=8063570 pss_kb=965515 rss_kb=990672
PSS_SAMPLE pass=5 sample=18 mono_ms=8063810 pss_kb=965491 rss_kb=990672
PSS_SAMPLE pass=5 sample=19 mono_ms=8064070 pss_kb=965515 rss_kb=990672
PSS_SAMPLE pass=5 sample=20 mono_ms=8064320 pss_kb=965491 rss_kb=990672
PSS_SAMPLE pass=5 sample=21 mono_ms=8064590 pss_kb=965515 rss_kb=990672
PSS_SAMPLE pass=5 sample=22 mono_ms=8064820 pss_kb=965491 rss_kb=990672
PSS_SAMPLE pass=5 sample=23 mono_ms=8065070 pss_kb=965491 rss_kb=990672
PSS_SAMPLE pass=5 sample=24 mono_ms=8065320 pss_kb=965491 rss_kb=990672
PSS_SAMPLE pass=5 sample=25 mono_ms=8065570 pss_kb=965491 rss_kb=990672
PSS_SAMPLE pass=5 sample=26 mono_ms=8065830 pss_kb=965515 rss_kb=990672
PSS_SAMPLE pass=5 sample=27 mono_ms=8066070 pss_kb=965491 rss_kb=990672
PSS_SAMPLE pass=5 sample=28 mono_ms=8066320 pss_kb=965515 rss_kb=990672
PSS_SAMPLE pass=5 sample=29 mono_ms=8066590 pss_kb=965515 rss_kb=990672
PSS_SAMPLE pass=5 sample=30 mono_ms=8066820 pss_kb=965515 rss_kb=990672
PSS_SAMPLE pass=5 sample=31 mono_ms=8067060 pss_kb=965491 rss_kb=990672
PSS_SAMPLE pass=5 sample=32 mono_ms=8067320 pss_kb=965491 rss_kb=990672
PSS_SAMPLE pass=5 sample=33 mono_ms=8067560 pss_kb=965515 rss_kb=990672
PSS_SAMPLE pass=5 sample=34 mono_ms=8067810 pss_kb=965491 rss_kb=990672
PSS_SAMPLE pass=5 sample=35 mono_ms=8068070 pss_kb=965515 rss_kb=990672
PSS_SAMPLE pass=5 sample=36 mono_ms=8068310 pss_kb=965491 rss_kb=990672
PSS_SAMPLE pass=5 sample=37 mono_ms=8068570 pss_kb=965515 rss_kb=990672
PSS_SAMPLE pass=5 sample=38 mono_ms=8068810 pss_kb=965491 rss_kb=990672
PSS_SAMPLE pass=5 sample=39 mono_ms=8069060 pss_kb=965515 rss_kb=990672
PSS_SAMPLE pass=5 sample=40 mono_ms=8069320 pss_kb=965515 rss_kb=990672
PSS_SAMPLE pass=5 sample=41 mono_ms=8069560 pss_kb=965491 rss_kb=990672
PSS_SAMPLE pass=5 sample=42 mono_ms=8069810 pss_kb=965515 rss_kb=990672
PSS_SAMPLE pass=5 sample=43 mono_ms=8070060 pss_kb=965491 rss_kb=990672
PSS_SAMPLE pass=5 sample=44 mono_ms=8070330 pss_kb=965515 rss_kb=990672
PSS_SAMPLE pass=5 sample=45 mono_ms=8070570 pss_kb=965491 rss_kb=990672
PSS_SAMPLE pass=5 sample=46 mono_ms=8070820 pss_kb=965515 rss_kb=990672
PSS_SAMPLE pass=5 sample=47 mono_ms=8071070 pss_kb=965495 rss_kb=990672
PSS_SAMPLE pass=5 sample=48 mono_ms=8071320 pss_kb=965495 rss_kb=990672
PSS_SAMPLE pass=5 sample=49 mono_ms=8071570 pss_kb=965519 rss_kb=990672
PSS_SAMPLE pass=5 sample=50 mono_ms=8071810 pss_kb=965495 rss_kb=990672
PSS_SAMPLE pass=5 sample=51 mono_ms=8072070 pss_kb=965519 rss_kb=990672
PSS_SAMPLE pass=5 sample=52 mono_ms=8072320 pss_kb=965495 rss_kb=990672
PSS_SAMPLE pass=5 sample=53 mono_ms=8072570 pss_kb=965519 rss_kb=990672
PSS_SAMPLE pass=5 sample=54 mono_ms=8072820 pss_kb=965495 rss_kb=990672
PSS_SAMPLE pass=5 sample=55 mono_ms=8073090 pss_kb=965495 rss_kb=990672
PSS_SAMPLE pass=5 sample=56 mono_ms=8073320 pss_kb=965519 rss_kb=990672
PSS_SAMPLE pass=5 sample=57 mono_ms=8073560 pss_kb=965495 rss_kb=990672
PSS_SAMPLE pass=5 sample=58 mono_ms=8073830 pss_kb=965519 rss_kb=990672
PSS_SAMPLE pass=5 sample=59 mono_ms=8074060 pss_kb=965495 rss_kb=990672
PSS_SAMPLE pass=5 sample=60 mono_ms=8074330 pss_kb=965519 rss_kb=990672
PSS_SAMPLE pass=5 sample=61 mono_ms=8074580 pss_kb=965519 rss_kb=990672
PSS_SAMPLING_END pass=5 interval_ms=250 samples=62 duration_ms=15270
RUNTIME_COEXIST status=loaded path=/data/local/tmp/dictai-meeting-t8/20260924T203307Z-34202/existing-runtime/libggml-base.so
RUNTIME_COEXIST status=loaded path=/data/local/tmp/dictai-meeting-t8/20260924T203307Z-34202/existing-runtime/libggml-cpu.so
RUNTIME_COEXIST status=loaded path=/data/local/tmp/dictai-meeting-t8/20260924T203307Z-34202/existing-runtime/libggml.so
onnxruntime cpuid_info warning: Unknown CPU vendor. cpuinfo_vendor value: 0
RUNTIME_COEXIST status=loaded path=/data/local/tmp/dictai-meeting-t8/20260924T203307Z-34202/existing-runtime/libonnxruntime.so
RUNTIME_COEXIST status=loaded path=/data/local/tmp/dictai-meeting-t8/20260924T203307Z-34202/existing-runtime/libsherpa-onnx-c-api.so
RUNTIME_COEXIST status=loaded path=/data/local/tmp/dictai-meeting-t8/20260924T203307Z-34202/existing-runtime/libsherpa-onnx-cxx-api.so
RUNTIME_COEXIST status=loaded path=/data/local/tmp/dictai-meeting-t8/20260924T203307Z-34202/existing-runtime/libsherpa-onnx-jni.so
RUNTIME_COEXIST status=loaded path=/data/local/tmp/dictai-meeting-t8/20260924T203307Z-34202/existing-runtime/libtranscribe.so
RUNTIME_COEXIST status=loaded path=/data/local/tmp/dictai-meeting-t8/20260924T203307Z-34202/existing-runtime/libtranscribe_jni.so
RUNTIME_COEXIST_SUMMARY libraries=9 status=ok
AUDIO sample_rate=16000 channels=1 samples=204484 duration_ms=12780
PROCESS_MEMORY stage=audio-loaded rss_kb=48428 peak_rss_kb=48728
BENCH_CONFIG pass=5 variant=asr language=fr gpu=-1 log_status=0 punctuation=1 max_speakers=8 interim=1 endpoint=1 token_silence_ms=800 force_endpoint_ms=30000 cadence=realtime chunk_ms=160
BENCH_MODEL_LOAD pass=5 variant=asr elapsed_ms=57
BENCH_WARMUP pass=5 variant=asr elapsed_ms=2195 speakers=0
BENCH_TIMING_CHECK pass=5 origin=audio_capture_origin status=ok first_due_us=160000 expected_first_due_us=160000 last_due_us=12780250 expected_last_due_us=12780250
BENCH_PASS_BEGIN pass=5 variant=asr stream_clock=audio_capture_origin total_ms=12780
RESULT pass=5 phase=interim revision=1 utterance_id=1 mono_ms=1015 stable_speaker_ms=0 word_count=0
RESULT pass=5 phase=interim revision=2 utterance_id=1 mono_ms=1219 stable_speaker_ms=0 word_count=0
RESULT pass=5 phase=interim revision=3 utterance_id=1 mono_ms=1326 stable_speaker_ms=0 word_count=0
RESULT pass=5 phase=interim revision=4 utterance_id=1 mono_ms=1528 stable_speaker_ms=0 word_count=1
WORD pass=5 revision=4 utterance_id=1 word_index=0 start_ms=640 end_ms=800 speaker_tag=0 word="Bonjour,"
RESULT pass=5 phase=interim revision=5 utterance_id=1 mono_ms=1646 stable_speaker_ms=0 word_count=1
WORD pass=5 revision=5 utterance_id=1 word_index=0 start_ms=640 end_ms=800 speaker_tag=0 word="Bonjour,"
RESULT pass=5 phase=interim revision=6 utterance_id=1 mono_ms=1813 stable_speaker_ms=0 word_count=3
WORD pass=5 revision=6 utterance_id=1 word_index=0 start_ms=640 end_ms=800 speaker_tag=0 word="Bonjour,"
WORD pass=5 revision=6 utterance_id=1 word_index=1 start_ms=1120 end_ms=1440 speaker_tag=0 word="ouvrons"
WORD pass=5 revision=6 utterance_id=1 word_index=2 start_ms=1440 end_ms=1520 speaker_tag=0 word="la"
RESULT pass=5 phase=interim revision=7 utterance_id=1 mono_ms=2003 stable_speaker_ms=0 word_count=3
WORD pass=5 revision=7 utterance_id=1 word_index=0 start_ms=640 end_ms=800 speaker_tag=0 word="Bonjour,"
WORD pass=5 revision=7 utterance_id=1 word_index=1 start_ms=1120 end_ms=1440 speaker_tag=0 word="ouvrons"
WORD pass=5 revision=7 utterance_id=1 word_index=2 start_ms=1440 end_ms=1520 speaker_tag=0 word="la"
RESULT pass=5 phase=interim revision=8 utterance_id=1 mono_ms=2127 stable_speaker_ms=0 word_count=4
WORD pass=5 revision=8 utterance_id=1 word_index=0 start_ms=640 end_ms=800 speaker_tag=0 word="Bonjour,"
WORD pass=5 revision=8 utterance_id=1 word_index=1 start_ms=1120 end_ms=1440 speaker_tag=0 word="ouvrons"
WORD pass=5 revision=8 utterance_id=1 word_index=2 start_ms=1440 end_ms=1520 speaker_tag=0 word="la"
WORD pass=5 revision=8 utterance_id=1 word_index=3 start_ms=1520 end_ms=1760 speaker_tag=0 word="réunion"
RESULT pass=5 phase=interim revision=9 utterance_id=1 mono_ms=2286 stable_speaker_ms=0 word_count=5
WORD pass=5 revision=9 utterance_id=1 word_index=0 start_ms=640 end_ms=800 speaker_tag=0 word="Bonjour,"
WORD pass=5 revision=9 utterance_id=1 word_index=1 start_ms=1120 end_ms=1440 speaker_tag=0 word="ouvrons"
WORD pass=5 revision=9 utterance_id=1 word_index=2 start_ms=1440 end_ms=1520 speaker_tag=0 word="la"
WORD pass=5 revision=9 utterance_id=1 word_index=3 start_ms=1520 end_ms=1760 speaker_tag=0 word="réunion"
WORD pass=5 revision=9 utterance_id=1 word_index=4 start_ms=1840 end_ms=1920 speaker_tag=0 word="de"
RESULT pass=5 phase=interim revision=10 utterance_id=1 mono_ms=2490 stable_speaker_ms=0 word_count=6
WORD pass=5 revision=10 utterance_id=1 word_index=0 start_ms=640 end_ms=800 speaker_tag=0 word="Bonjour,"
WORD pass=5 revision=10 utterance_id=1 word_index=1 start_ms=1120 end_ms=1440 speaker_tag=0 word="ouvrons"
WORD pass=5 revision=10 utterance_id=1 word_index=2 start_ms=1440 end_ms=1520 speaker_tag=0 word="la"
WORD pass=5 revision=10 utterance_id=1 word_index=3 start_ms=1520 end_ms=1760 speaker_tag=0 word="réunion"
WORD pass=5 revision=10 utterance_id=1 word_index=4 start_ms=1840 end_ms=1920 speaker_tag=0 word="de"
WORD pass=5 revision=10 utterance_id=1 word_index=5 start_ms=2000 end_ms=2080 speaker_tag=0 word="la"
RESULT pass=5 phase=interim revision=11 utterance_id=1 mono_ms=2609 stable_speaker_ms=0 word_count=6
WORD pass=5 revision=11 utterance_id=1 word_index=0 start_ms=640 end_ms=800 speaker_tag=0 word="Bonjour,"
WORD pass=5 revision=11 utterance_id=1 word_index=1 start_ms=1120 end_ms=1440 speaker_tag=0 word="ouvrons"
WORD pass=5 revision=11 utterance_id=1 word_index=2 start_ms=1440 end_ms=1520 speaker_tag=0 word="la"
WORD pass=5 revision=11 utterance_id=1 word_index=3 start_ms=1520 end_ms=1760 speaker_tag=0 word="réunion"
WORD pass=5 revision=11 utterance_id=1 word_index=4 start_ms=1840 end_ms=1920 speaker_tag=0 word="de"
WORD pass=5 revision=11 utterance_id=1 word_index=5 start_ms=2000 end_ms=2080 speaker_tag=0 word="la"
RESULT pass=5 phase=interim revision=12 utterance_id=1 mono_ms=2761 stable_speaker_ms=0 word_count=6
WORD pass=5 revision=12 utterance_id=1 word_index=0 start_ms=640 end_ms=800 speaker_tag=0 word="Bonjour,"
WORD pass=5 revision=12 utterance_id=1 word_index=1 start_ms=1120 end_ms=1440 speaker_tag=0 word="ouvrons"
WORD pass=5 revision=12 utterance_id=1 word_index=2 start_ms=1440 end_ms=1520 speaker_tag=0 word="la"
WORD pass=5 revision=12 utterance_id=1 word_index=3 start_ms=1520 end_ms=1760 speaker_tag=0 word="réunion"
WORD pass=5 revision=12 utterance_id=1 word_index=4 start_ms=1840 end_ms=1920 speaker_tag=0 word="de"
WORD pass=5 revision=12 utterance_id=1 word_index=5 start_ms=2000 end_ms=2080 speaker_tag=0 word="la"
RESULT pass=5 phase=interim revision=13 utterance_id=1 mono_ms=2986 stable_speaker_ms=0 word_count=6
WORD pass=5 revision=13 utterance_id=1 word_index=0 start_ms=640 end_ms=800 speaker_tag=0 word="Bonjour,"
WORD pass=5 revision=13 utterance_id=1 word_index=1 start_ms=1120 end_ms=1440 speaker_tag=0 word="ouvrons"
WORD pass=5 revision=13 utterance_id=1 word_index=2 start_ms=1440 end_ms=1520 speaker_tag=0 word="la"
WORD pass=5 revision=13 utterance_id=1 word_index=3 start_ms=1520 end_ms=1760 speaker_tag=0 word="réunion"
WORD pass=5 revision=13 utterance_id=1 word_index=4 start_ms=1840 end_ms=1920 speaker_tag=0 word="de"
WORD pass=5 revision=13 utterance_id=1 word_index=5 start_ms=2000 end_ms=2080 speaker_tag=0 word="la"
RESULT pass=5 phase=interim revision=14 utterance_id=1 mono_ms=3085 stable_speaker_ms=0 word_count=6
WORD pass=5 revision=14 utterance_id=1 word_index=0 start_ms=640 end_ms=800 speaker_tag=0 word="Bonjour,"
WORD pass=5 revision=14 utterance_id=1 word_index=1 start_ms=1120 end_ms=1440 speaker_tag=0 word="ouvrons"
WORD pass=5 revision=14 utterance_id=1 word_index=2 start_ms=1440 end_ms=1520 speaker_tag=0 word="la"
WORD pass=5 revision=14 utterance_id=1 word_index=3 start_ms=1520 end_ms=1760 speaker_tag=0 word="réunion"
WORD pass=5 revision=14 utterance_id=1 word_index=4 start_ms=1840 end_ms=1920 speaker_tag=0 word="de"
WORD pass=5 revision=14 utterance_id=1 word_index=5 start_ms=2000 end_ms=2080 speaker_tag=0 word="la"
RESULT pass=5 phase=interim revision=15 utterance_id=1 mono_ms=3246 stable_speaker_ms=0 word_count=6
WORD pass=5 revision=15 utterance_id=1 word_index=0 start_ms=640 end_ms=800 speaker_tag=0 word="Bonjour,"
WORD pass=5 revision=15 utterance_id=1 word_index=1 start_ms=1120 end_ms=1440 speaker_tag=0 word="ouvrons"
WORD pass=5 revision=15 utterance_id=1 word_index=2 start_ms=1440 end_ms=1520 speaker_tag=0 word="la"
WORD pass=5 revision=15 utterance_id=1 word_index=3 start_ms=1520 end_ms=1760 speaker_tag=0 word="réunion"
WORD pass=5 revision=15 utterance_id=1 word_index=4 start_ms=1840 end_ms=1920 speaker_tag=0 word="de"
WORD pass=5 revision=15 utterance_id=1 word_index=5 start_ms=2000 end_ms=2080 speaker_tag=0 word="la"
RESULT pass=5 phase=final_initial revision=16 utterance_id=1 mono_ms=3408 stable_speaker_ms=0 word_count=7
WORD pass=5 revision=16 utterance_id=1 word_index=0 start_ms=640 end_ms=800 speaker_tag=0 word="Bonjour,"
WORD pass=5 revision=16 utterance_id=1 word_index=1 start_ms=1120 end_ms=1440 speaker_tag=0 word="ouvrons"
WORD pass=5 revision=16 utterance_id=1 word_index=2 start_ms=1440 end_ms=1520 speaker_tag=0 word="la"
WORD pass=5 revision=16 utterance_id=1 word_index=3 start_ms=1520 end_ms=1760 speaker_tag=0 word="réunion"
WORD pass=5 revision=16 utterance_id=1 word_index=4 start_ms=1840 end_ms=1920 speaker_tag=0 word="de"
WORD pass=5 revision=16 utterance_id=1 word_index=5 start_ms=2000 end_ms=2080 speaker_tag=0 word="la"
WORD pass=5 revision=16 utterance_id=1 word_index=6 start_ms=2160 end_ms=2320 speaker_tag=0 word="semaine"
RESULT pass=5 phase=interim revision=1 utterance_id=2 mono_ms=3752 stable_speaker_ms=0 word_count=0
RESULT pass=5 phase=interim revision=2 utterance_id=2 mono_ms=3892 stable_speaker_ms=0 word_count=1
WORD pass=5 revision=2 utterance_id=2 word_index=0 start_ms=3360 end_ms=3440 speaker_tag=0 word="je"
RESULT pass=5 phase=interim revision=3 utterance_id=2 mono_ms=4044 stable_speaker_ms=0 word_count=1
WORD pass=5 revision=3 utterance_id=2 word_index=0 start_ms=3360 end_ms=3440 speaker_tag=0 word="je"
RESULT pass=5 phase=interim revision=4 utterance_id=2 mono_ms=4250 stable_speaker_ms=0 word_count=1
WORD pass=5 revision=4 utterance_id=2 word_index=0 start_ms=3360 end_ms=3440 speaker_tag=0 word="je"
RESULT pass=5 phase=interim revision=5 utterance_id=2 mono_ms=4369 stable_speaker_ms=0 word_count=2
WORD pass=5 revision=5 utterance_id=2 word_index=0 start_ms=3360 end_ms=3440 speaker_tag=0 word="je"
WORD pass=5 revision=5 utterance_id=2 word_index=1 start_ms=3600 end_ms=3840 speaker_tag=0 word="propose"
RESULT pass=5 phase=interim revision=6 utterance_id=2 mono_ms=4521 stable_speaker_ms=0 word_count=2
WORD pass=5 revision=6 utterance_id=2 word_index=0 start_ms=3360 end_ms=3440 speaker_tag=0 word="je"
WORD pass=5 revision=6 utterance_id=2 word_index=1 start_ms=3600 end_ms=3840 speaker_tag=0 word="propose"
RESULT pass=5 phase=interim revision=7 utterance_id=2 mono_ms=4794 stable_speaker_ms=0 word_count=3
WORD pass=5 revision=7 utterance_id=2 word_index=0 start_ms=3360 end_ms=3440 speaker_tag=0 word="je"
WORD pass=5 revision=7 utterance_id=2 word_index=1 start_ms=3600 end_ms=3840 speaker_tag=0 word="propose"
WORD pass=5 revision=7 utterance_id=2 word_index=2 start_ms=4000 end_ms=4160 speaker_tag=0 word="jeudi"
RESULT pass=5 phase=interim revision=8 utterance_id=2 mono_ms=4994 stable_speaker_ms=0 word_count=3
WORD pass=5 revision=8 utterance_id=2 word_index=0 start_ms=3360 end_ms=3440 speaker_tag=0 word="je"
WORD pass=5 revision=8 utterance_id=2 word_index=1 start_ms=3600 end_ms=3840 speaker_tag=0 word="propose"
WORD pass=5 revision=8 utterance_id=2 word_index=2 start_ms=4000 end_ms=4160 speaker_tag=0 word="jeudi"
RESULT pass=5 phase=interim revision=9 utterance_id=2 mono_ms=5038 stable_speaker_ms=0 word_count=4
WORD pass=5 revision=9 utterance_id=2 word_index=0 start_ms=3360 end_ms=3440 speaker_tag=0 word="je"
WORD pass=5 revision=9 utterance_id=2 word_index=1 start_ms=3600 end_ms=3840 speaker_tag=0 word="propose"
WORD pass=5 revision=9 utterance_id=2 word_index=2 start_ms=4000 end_ms=4160 speaker_tag=0 word="jeudi"
WORD pass=5 revision=9 utterance_id=2 word_index=3 start_ms=4400 end_ms=4560 speaker_tag=0 word="matin"
RESULT pass=5 phase=interim revision=10 utterance_id=2 mono_ms=5232 stable_speaker_ms=0 word_count=5
WORD pass=5 revision=10 utterance_id=2 word_index=0 start_ms=3360 end_ms=3440 speaker_tag=0 word="je"
WORD pass=5 revision=10 utterance_id=2 word_index=1 start_ms=3600 end_ms=3840 speaker_tag=0 word="propose"
WORD pass=5 revision=10 utterance_id=2 word_index=2 start_ms=4000 end_ms=4160 speaker_tag=0 word="jeudi"
WORD pass=5 revision=10 utterance_id=2 word_index=3 start_ms=4400 end_ms=4560 speaker_tag=0 word="matin"
WORD pass=5 revision=10 utterance_id=2 word_index=4 start_ms=4720 end_ms=4800 speaker_tag=0 word="pour"
RESULT pass=5 phase=interim revision=11 utterance_id=2 mono_ms=5324 stable_speaker_ms=0 word_count=6
WORD pass=5 revision=11 utterance_id=2 word_index=0 start_ms=3360 end_ms=3440 speaker_tag=0 word="je"
WORD pass=5 revision=11 utterance_id=2 word_index=1 start_ms=3600 end_ms=3840 speaker_tag=0 word="propose"
WORD pass=5 revision=11 utterance_id=2 word_index=2 start_ms=4000 end_ms=4160 speaker_tag=0 word="jeudi"
WORD pass=5 revision=11 utterance_id=2 word_index=3 start_ms=4400 end_ms=4560 speaker_tag=0 word="matin"
WORD pass=5 revision=11 utterance_id=2 word_index=4 start_ms=4720 end_ms=4800 speaker_tag=0 word="pour"
WORD pass=5 revision=11 utterance_id=2 word_index=5 start_ms=4800 end_ms=4880 speaker_tag=0 word="le"
RESULT pass=5 phase=interim revision=12 utterance_id=2 mono_ms=5500 stable_speaker_ms=0 word_count=6
WORD pass=5 revision=12 utterance_id=2 word_index=0 start_ms=3360 end_ms=3440 speaker_tag=0 word="je"
WORD pass=5 revision=12 utterance_id=2 word_index=1 start_ms=3600 end_ms=3840 speaker_tag=0 word="propose"
WORD pass=5 revision=12 utterance_id=2 word_index=2 start_ms=4000 end_ms=4160 speaker_tag=0 word="jeudi"
WORD pass=5 revision=12 utterance_id=2 word_index=3 start_ms=4400 end_ms=4560 speaker_tag=0 word="matin"
WORD pass=5 revision=12 utterance_id=2 word_index=4 start_ms=4720 end_ms=4800 speaker_tag=0 word="pour"
WORD pass=5 revision=12 utterance_id=2 word_index=5 start_ms=4800 end_ms=4880 speaker_tag=0 word="le"
RESULT pass=5 phase=interim revision=13 utterance_id=2 mono_ms=5642 stable_speaker_ms=0 word_count=6
WORD pass=5 revision=13 utterance_id=2 word_index=0 start_ms=3360 end_ms=3440 speaker_tag=0 word="je"
WORD pass=5 revision=13 utterance_id=2 word_index=1 start_ms=3600 end_ms=3840 speaker_tag=0 word="propose"
WORD pass=5 revision=13 utterance_id=2 word_index=2 start_ms=4000 end_ms=4160 speaker_tag=0 word="jeudi"
WORD pass=5 revision=13 utterance_id=2 word_index=3 start_ms=4400 end_ms=4560 speaker_tag=0 word="matin"
WORD pass=5 revision=13 utterance_id=2 word_index=4 start_ms=4720 end_ms=4800 speaker_tag=0 word="pour"
WORD pass=5 revision=13 utterance_id=2 word_index=5 start_ms=4800 end_ms=4880 speaker_tag=0 word="le"
RESULT pass=5 phase=interim revision=14 utterance_id=2 mono_ms=5805 stable_speaker_ms=0 word_count=6
WORD pass=5 revision=14 utterance_id=2 word_index=0 start_ms=3360 end_ms=3440 speaker_tag=0 word="je"
WORD pass=5 revision=14 utterance_id=2 word_index=1 start_ms=3600 end_ms=3840 speaker_tag=0 word="propose"
WORD pass=5 revision=14 utterance_id=2 word_index=2 start_ms=4000 end_ms=4160 speaker_tag=0 word="jeudi"
WORD pass=5 revision=14 utterance_id=2 word_index=3 start_ms=4400 end_ms=4560 speaker_tag=0 word="matin"
WORD pass=5 revision=14 utterance_id=2 word_index=4 start_ms=4720 end_ms=4800 speaker_tag=0 word="pour"
WORD pass=5 revision=14 utterance_id=2 word_index=5 start_ms=4800 end_ms=4880 speaker_tag=0 word="le"
RESULT pass=5 phase=interim revision=15 utterance_id=2 mono_ms=6007 stable_speaker_ms=0 word_count=6
WORD pass=5 revision=15 utterance_id=2 word_index=0 start_ms=3360 end_ms=3440 speaker_tag=0 word="je"
WORD pass=5 revision=15 utterance_id=2 word_index=1 start_ms=3600 end_ms=3840 speaker_tag=0 word="propose"
WORD pass=5 revision=15 utterance_id=2 word_index=2 start_ms=4000 end_ms=4160 speaker_tag=0 word="jeudi"
WORD pass=5 revision=15 utterance_id=2 word_index=3 start_ms=4400 end_ms=4560 speaker_tag=0 word="matin"
WORD pass=5 revision=15 utterance_id=2 word_index=4 start_ms=4720 end_ms=4800 speaker_tag=0 word="pour"
WORD pass=5 revision=15 utterance_id=2 word_index=5 start_ms=4800 end_ms=4880 speaker_tag=0 word="le"
RESULT pass=5 phase=interim revision=16 utterance_id=2 mono_ms=6126 stable_speaker_ms=0 word_count=6
WORD pass=5 revision=16 utterance_id=2 word_index=0 start_ms=3360 end_ms=3440 speaker_tag=0 word="je"
WORD pass=5 revision=16 utterance_id=2 word_index=1 start_ms=3600 end_ms=3840 speaker_tag=0 word="propose"
WORD pass=5 revision=16 utterance_id=2 word_index=2 start_ms=4000 end_ms=4160 speaker_tag=0 word="jeudi"
WORD pass=5 revision=16 utterance_id=2 word_index=3 start_ms=4400 end_ms=4560 speaker_tag=0 word="matin"
WORD pass=5 revision=16 utterance_id=2 word_index=4 start_ms=4720 end_ms=4800 speaker_tag=0 word="pour"
WORD pass=5 revision=16 utterance_id=2 word_index=5 start_ms=4800 end_ms=4880 speaker_tag=0 word="le"
RESULT pass=5 phase=final_initial revision=17 utterance_id=2 mono_ms=6284 stable_speaker_ms=0 word_count=7
WORD pass=5 revision=17 utterance_id=2 word_index=0 start_ms=3360 end_ms=3440 speaker_tag=0 word="je"
WORD pass=5 revision=17 utterance_id=2 word_index=1 start_ms=3600 end_ms=3840 speaker_tag=0 word="propose"
WORD pass=5 revision=17 utterance_id=2 word_index=2 start_ms=4000 end_ms=4160 speaker_tag=0 word="jeudi"
WORD pass=5 revision=17 utterance_id=2 word_index=3 start_ms=4400 end_ms=4560 speaker_tag=0 word="matin"
WORD pass=5 revision=17 utterance_id=2 word_index=4 start_ms=4720 end_ms=4800 speaker_tag=0 word="pour"
WORD pass=5 revision=17 utterance_id=2 word_index=5 start_ms=4800 end_ms=4880 speaker_tag=0 word="le"
WORD pass=5 revision=17 utterance_id=2 word_index=6 start_ms=5040 end_ms=5200 speaker_tag=0 word="suivi"
RESULT pass=5 phase=interim revision=1 utterance_id=3 mono_ms=6619 stable_speaker_ms=0 word_count=0
RESULT pass=5 phase=interim revision=2 utterance_id=3 mono_ms=6762 stable_speaker_ms=0 word_count=0
RESULT pass=5 phase=interim revision=3 utterance_id=3 mono_ms=6953 stable_speaker_ms=0 word_count=0
RESULT pass=5 phase=interim revision=4 utterance_id=3 mono_ms=7086 stable_speaker_ms=0 word_count=0
RESULT pass=5 phase=interim revision=5 utterance_id=3 mono_ms=7238 stable_speaker_ms=0 word_count=0
RESULT pass=5 phase=interim revision=6 utterance_id=3 mono_ms=7450 stable_speaker_ms=0 word_count=1
WORD pass=5 revision=6 utterance_id=3 word_index=0 start_ms=6240 end_ms=6400 speaker_tag=0 word="d'accord,"
RESULT pass=5 phase=interim revision=7 utterance_id=3 mono_ms=7567 stable_speaker_ms=0 word_count=2
WORD pass=5 revision=7 utterance_id=3 word_index=0 start_ms=6240 end_ms=6400 speaker_tag=0 word="d'accord,"
WORD pass=5 revision=7 utterance_id=3 word_index=1 start_ms=7040 end_ms=7120 speaker_tag=0 word="je"
RESULT pass=5 phase=interim revision=8 utterance_id=3 mono_ms=7756 stable_speaker_ms=0 word_count=2
WORD pass=5 revision=8 utterance_id=3 word_index=0 start_ms=6240 end_ms=6400 speaker_tag=0 word="d'accord,"
WORD pass=5 revision=8 utterance_id=3 word_index=1 start_ms=7040 end_ms=7120 speaker_tag=0 word="je"
RESULT pass=5 phase=interim revision=9 utterance_id=3 mono_ms=7885 stable_speaker_ms=0 word_count=2
WORD pass=5 revision=9 utterance_id=3 word_index=0 start_ms=6240 end_ms=6400 speaker_tag=0 word="d'accord,"
WORD pass=5 revision=9 utterance_id=3 word_index=1 start_ms=7040 end_ms=7120 speaker_tag=0 word="je"
RESULT pass=5 phase=interim revision=10 utterance_id=3 mono_ms=8047 stable_speaker_ms=0 word_count=4
WORD pass=5 revision=10 utterance_id=3 word_index=0 start_ms=6240 end_ms=6400 speaker_tag=0 word="d'accord,"
WORD pass=5 revision=10 utterance_id=3 word_index=1 start_ms=7040 end_ms=7120 speaker_tag=0 word="je"
WORD pass=5 revision=10 utterance_id=3 word_index=2 start_ms=7200 end_ms=7520 speaker_tag=0 word="prépare"
WORD pass=5 revision=10 utterance_id=3 word_index=3 start_ms=7680 end_ms=7760 speaker_tag=0 word="la"
RESULT pass=5 phase=interim revision=11 utterance_id=3 mono_ms=8245 stable_speaker_ms=0 word_count=4
WORD pass=5 revision=11 utterance_id=3 word_index=0 start_ms=6240 end_ms=6400 speaker_tag=0 word="d'accord,"
WORD pass=5 revision=11 utterance_id=3 word_index=1 start_ms=7040 end_ms=7120 speaker_tag=0 word="je"
WORD pass=5 revision=11 utterance_id=3 word_index=2 start_ms=7200 end_ms=7520 speaker_tag=0 word="prépare"
WORD pass=5 revision=11 utterance_id=3 word_index=3 start_ms=7680 end_ms=7760 speaker_tag=0 word="la"
RESULT pass=5 phase=interim revision=12 utterance_id=3 mono_ms=8370 stable_speaker_ms=0 word_count=4
WORD pass=5 revision=12 utterance_id=3 word_index=0 start_ms=6240 end_ms=6400 speaker_tag=0 word="d'accord,"
WORD pass=5 revision=12 utterance_id=3 word_index=1 start_ms=7040 end_ms=7120 speaker_tag=0 word="je"
WORD pass=5 revision=12 utterance_id=3 word_index=2 start_ms=7200 end_ms=7520 speaker_tag=0 word="prépare"
WORD pass=5 revision=12 utterance_id=3 word_index=3 start_ms=7680 end_ms=7760 speaker_tag=0 word="la"
RESULT pass=5 phase=interim revision=13 utterance_id=3 mono_ms=8524 stable_speaker_ms=0 word_count=4
WORD pass=5 revision=13 utterance_id=3 word_index=0 start_ms=6240 end_ms=6400 speaker_tag=0 word="d'accord,"
WORD pass=5 revision=13 utterance_id=3 word_index=1 start_ms=7040 end_ms=7120 speaker_tag=0 word="je"
WORD pass=5 revision=13 utterance_id=3 word_index=2 start_ms=7200 end_ms=7520 speaker_tag=0 word="prépare"
WORD pass=5 revision=13 utterance_id=3 word_index=3 start_ms=7680 end_ms=7760 speaker_tag=0 word="la"
RESULT pass=5 phase=interim revision=14 utterance_id=3 mono_ms=8705 stable_speaker_ms=0 word_count=4
WORD pass=5 revision=14 utterance_id=3 word_index=0 start_ms=6240 end_ms=6400 speaker_tag=0 word="d'accord,"
WORD pass=5 revision=14 utterance_id=3 word_index=1 start_ms=7040 end_ms=7120 speaker_tag=0 word="je"
WORD pass=5 revision=14 utterance_id=3 word_index=2 start_ms=7200 end_ms=7520 speaker_tag=0 word="prépare"
WORD pass=5 revision=14 utterance_id=3 word_index=3 start_ms=7680 end_ms=7760 speaker_tag=0 word="la"
RESULT pass=5 phase=interim revision=15 utterance_id=3 mono_ms=8851 stable_speaker_ms=0 word_count=4
WORD pass=5 revision=15 utterance_id=3 word_index=0 start_ms=6240 end_ms=6400 speaker_tag=0 word="d'accord,"
WORD pass=5 revision=15 utterance_id=3 word_index=1 start_ms=7040 end_ms=7120 speaker_tag=0 word="je"
WORD pass=5 revision=15 utterance_id=3 word_index=2 start_ms=7200 end_ms=7520 speaker_tag=0 word="prépare"
WORD pass=5 revision=15 utterance_id=3 word_index=3 start_ms=7680 end_ms=7760 speaker_tag=0 word="la"
RESULT pass=5 phase=interim revision=16 utterance_id=3 mono_ms=9003 stable_speaker_ms=0 word_count=4
WORD pass=5 revision=16 utterance_id=3 word_index=0 start_ms=6240 end_ms=6400 speaker_tag=0 word="d'accord,"
WORD pass=5 revision=16 utterance_id=3 word_index=1 start_ms=7040 end_ms=7120 speaker_tag=0 word="je"
WORD pass=5 revision=16 utterance_id=3 word_index=2 start_ms=7200 end_ms=7520 speaker_tag=0 word="prépare"
WORD pass=5 revision=16 utterance_id=3 word_index=3 start_ms=7680 end_ms=7760 speaker_tag=0 word="la"
RESULT pass=5 phase=interim revision=17 utterance_id=3 mono_ms=9200 stable_speaker_ms=0 word_count=4
WORD pass=5 revision=17 utterance_id=3 word_index=0 start_ms=6240 end_ms=6400 speaker_tag=0 word="d'accord,"
WORD pass=5 revision=17 utterance_id=3 word_index=1 start_ms=7040 end_ms=7120 speaker_tag=0 word="je"
WORD pass=5 revision=17 utterance_id=3 word_index=2 start_ms=7200 end_ms=7520 speaker_tag=0 word="prépare"
WORD pass=5 revision=17 utterance_id=3 word_index=3 start_ms=7680 end_ms=7760 speaker_tag=0 word="la"
RESULT pass=5 phase=final_initial revision=18 utterance_id=3 mono_ms=9325 stable_speaker_ms=0 word_count=5
WORD pass=5 revision=18 utterance_id=3 word_index=0 start_ms=6240 end_ms=6400 speaker_tag=0 word="d'accord,"
WORD pass=5 revision=18 utterance_id=3 word_index=1 start_ms=7040 end_ms=7120 speaker_tag=0 word="je"
WORD pass=5 revision=18 utterance_id=3 word_index=2 start_ms=7200 end_ms=7520 speaker_tag=0 word="prépare"
WORD pass=5 revision=18 utterance_id=3 word_index=3 start_ms=7680 end_ms=7760 speaker_tag=0 word="la"
WORD pass=5 revision=18 utterance_id=3 word_index=4 start_ms=7760 end_ms=8240 speaker_tag=0 word="synthèse"
RESULT pass=5 phase=interim revision=1 utterance_id=4 mono_ms=10479 stable_speaker_ms=0 word_count=0
RESULT pass=5 phase=interim revision=2 utterance_id=4 mono_ms=10535 stable_speaker_ms=0 word_count=1
WORD pass=5 revision=2 utterance_id=4 word_index=0 start_ms=10000 end_ms=10080 speaker_tag=0 word="nous"
RESULT pass=5 phase=interim revision=3 utterance_id=4 mono_ms=10609 stable_speaker_ms=0 word_count=1
WORD pass=5 revision=3 utterance_id=4 word_index=0 start_ms=10000 end_ms=10080 speaker_tag=0 word="nous"
RESULT pass=5 phase=interim revision=4 utterance_id=4 mono_ms=10762 stable_speaker_ms=0 word_count=1
WORD pass=5 revision=4 utterance_id=4 word_index=0 start_ms=10000 end_ms=10080 speaker_tag=0 word="nous"
RESULT pass=5 phase=interim revision=5 utterance_id=4 mono_ms=10971 stable_speaker_ms=0 word_count=2
WORD pass=5 revision=5 utterance_id=4 word_index=0 start_ms=10000 end_ms=10080 speaker_tag=0 word="nous"
WORD pass=5 revision=5 utterance_id=4 word_index=1 start_ms=10080 end_ms=10480 speaker_tag=0 word="reprenons"
RESULT pass=5 phase=interim revision=6 utterance_id=4 mono_ms=11085 stable_speaker_ms=0 word_count=2
WORD pass=5 revision=6 utterance_id=4 word_index=0 start_ms=10000 end_ms=10080 speaker_tag=0 word="nous"
WORD pass=5 revision=6 utterance_id=4 word_index=1 start_ms=10080 end_ms=10480 speaker_tag=0 word="reprenons"
RESULT pass=5 phase=interim revision=7 utterance_id=4 mono_ms=11285 stable_speaker_ms=0 word_count=2
WORD pass=5 revision=7 utterance_id=4 word_index=0 start_ms=10000 end_ms=10080 speaker_tag=0 word="nous"
WORD pass=5 revision=7 utterance_id=4 word_index=1 start_ms=10080 end_ms=10480 speaker_tag=0 word="reprenons"
RESULT pass=5 phase=interim revision=8 utterance_id=4 mono_ms=11403 stable_speaker_ms=0 word_count=2
WORD pass=5 revision=8 utterance_id=4 word_index=0 start_ms=10000 end_ms=10080 speaker_tag=0 word="nous"
WORD pass=5 revision=8 utterance_id=4 word_index=1 start_ms=10080 end_ms=10480 speaker_tag=0 word="reprenons"
RESULT pass=5 phase=interim revision=9 utterance_id=4 mono_ms=11563 stable_speaker_ms=0 word_count=2
WORD pass=5 revision=9 utterance_id=4 word_index=0 start_ms=10000 end_ms=10080 speaker_tag=0 word="nous"
WORD pass=5 revision=9 utterance_id=4 word_index=1 start_ms=10080 end_ms=10480 speaker_tag=0 word="reprenons"
RESULT pass=5 phase=final_initial revision=10 utterance_id=4 mono_ms=11753 stable_speaker_ms=0 word_count=3
WORD pass=5 revision=10 utterance_id=4 word_index=0 start_ms=10000 end_ms=10080 speaker_tag=0 word="nous"
WORD pass=5 revision=10 utterance_id=4 word_index=1 start_ms=10080 end_ms=10480 speaker_tag=0 word="reprenons"
WORD pass=5 revision=10 utterance_id=4 word_index=2 start_ms=10560 end_ms=10720 speaker_tag=0 word="jeudi"
BENCH_FINISH_BEGIN pass=5 pushed_ms=12780 total_ms=12780
BENCH_FINISH_END pass=5 elapsed_ms=161
BENCH_PASS_SUMMARY pass=5 variant=asr load_ms=57 warmup_ms=2195 wall_ms=12983 push_ms=0 next_ms=4910 finish_ms=161 rtf=1.016 max_input_lag_ms=79 result_events=61 word_events=185 stable_sequence=
BENCH_PASS_END pass=5 variant=asr
HOST_PASS_END pass=5 variant=asr
HOST_PASS_BEGIN pass=6 variant=both command=adb -s emulator-5554 shell sh /data/local/tmp/dictai-meeting-t8/20260924T203307Z-34202/meeting-benchmark-pass-remote.sh 6 both /data/local/tmp/dictai-meeting-t8/20260924T203307Z-34202
PSS_SAMPLING_BEGIN pass=6 interval_ms=250 source=proc-smaps_rollup+status overhead=proc_scan_and_adb_stream
PSS_SAMPLE pass=6 sample=0 mono_ms=8074880 pss_kb=10349 rss_kb=18432
PSS_SAMPLE pass=6 sample=1 mono_ms=8075140 pss_kb=298434 rss_kb=332684
PSS_SAMPLE pass=6 sample=2 mono_ms=8075390 pss_kb=752314 rss_kb=784780
PSS_SAMPLE pass=6 sample=3 mono_ms=8075690 pss_kb=1049494 rss_kb=1075796
PSS_SAMPLE pass=6 sample=4 mono_ms=8075910 pss_kb=1070854 rss_kb=1096132
PSS_SAMPLE pass=6 sample=5 mono_ms=8076150 pss_kb=1070854 rss_kb=1096132
PSS_SAMPLE pass=6 sample=6 mono_ms=8076390 pss_kb=1070854 rss_kb=1096132
PSS_SAMPLE pass=6 sample=7 mono_ms=8076650 pss_kb=1070854 rss_kb=1096132
PSS_SAMPLE pass=6 sample=8 mono_ms=8076900 pss_kb=1070854 rss_kb=1096132
PSS_SAMPLE pass=6 sample=9 mono_ms=8077140 pss_kb=1070854 rss_kb=1096132
PSS_SAMPLE pass=6 sample=10 mono_ms=8077390 pss_kb=1076266 rss_kb=1101428
PSS_SAMPLE pass=6 sample=11 mono_ms=8077640 pss_kb=1079854 rss_kb=1105152
PSS_SAMPLE pass=6 sample=12 mono_ms=8077890 pss_kb=1080882 rss_kb=1106140
PSS_SAMPLE pass=6 sample=13 mono_ms=8078140 pss_kb=1081242 rss_kb=1106644
PSS_SAMPLE pass=6 sample=14 mono_ms=8078390 pss_kb=1084294 rss_kb=1109412
PSS_SAMPLE pass=6 sample=15 mono_ms=8078660 pss_kb=1085418 rss_kb=1110688
PSS_SAMPLE pass=6 sample=16 mono_ms=8078890 pss_kb=1086570 rss_kb=1111740
PSS_SAMPLE pass=6 sample=17 mono_ms=8079150 pss_kb=1087766 rss_kb=1113000
PSS_SAMPLE pass=6 sample=18 mono_ms=8079390 pss_kb=1088942 rss_kb=1114184
PSS_SAMPLE pass=6 sample=19 mono_ms=8079640 pss_kb=1088942 rss_kb=1114184
PSS_SAMPLE pass=6 sample=20 mono_ms=8079890 pss_kb=1090214 rss_kb=1115468
PSS_SAMPLE pass=6 sample=21 mono_ms=8080150 pss_kb=1091466 rss_kb=1116684
PSS_SAMPLE pass=6 sample=22 mono_ms=8080400 pss_kb=1091466 rss_kb=1116116
PSS_SAMPLE pass=6 sample=23 mono_ms=8080650 pss_kb=1092734 rss_kb=1117948
PSS_SAMPLE pass=6 sample=24 mono_ms=8080910 pss_kb=1094062 rss_kb=1119244
PSS_SAMPLE pass=6 sample=25 mono_ms=8081160 pss_kb=1094062 rss_kb=1119244
PSS_SAMPLE pass=6 sample=26 mono_ms=8081410 pss_kb=1095498 rss_kb=1120688
PSS_SAMPLE pass=6 sample=27 mono_ms=8081650 pss_kb=1095498 rss_kb=1120688
PSS_SAMPLE pass=6 sample=28 mono_ms=8081910 pss_kb=1096866 rss_kb=1121980
PSS_SAMPLE pass=6 sample=29 mono_ms=8082150 pss_kb=1095786 rss_kb=1117604
PSS_SAMPLE pass=6 sample=30 mono_ms=8082390 pss_kb=1098198 rss_kb=1123364
PSS_SAMPLE pass=6 sample=31 mono_ms=8082650 pss_kb=1098198 rss_kb=1122372
PSS_SAMPLE pass=6 sample=32 mono_ms=8082910 pss_kb=1099614 rss_kb=1124836
PSS_SAMPLE pass=6 sample=33 mono_ms=8083150 pss_kb=1099614 rss_kb=1124836
PSS_SAMPLE pass=6 sample=34 mono_ms=8083410 pss_kb=1101046 rss_kb=1126216
PSS_SAMPLE pass=6 sample=35 mono_ms=8083640 pss_kb=1101046 rss_kb=1126216
PSS_SAMPLE pass=6 sample=36 mono_ms=8083900 pss_kb=1102590 rss_kb=1127696
PSS_SAMPLE pass=6 sample=37 mono_ms=8084150 pss_kb=1102590 rss_kb=1127696
PSS_SAMPLE pass=6 sample=38 mono_ms=8084390 pss_kb=1102590 rss_kb=1127696
PSS_SAMPLE pass=6 sample=39 mono_ms=8084650 pss_kb=1103738 rss_kb=1128924
PSS_SAMPLE pass=6 sample=40 mono_ms=8084910 pss_kb=1103738 rss_kb=1128924
PSS_SAMPLE pass=6 sample=41 mono_ms=8085150 pss_kb=1101454 rss_kb=1126728
PSS_SAMPLE pass=6 sample=42 mono_ms=8085390 pss_kb=1101502 rss_kb=1126728
PSS_SAMPLE pass=6 sample=43 mono_ms=8085650 pss_kb=1101546 rss_kb=1126728
PSS_SAMPLE pass=6 sample=44 mono_ms=8085910 pss_kb=1101602 rss_kb=1126856
PSS_SAMPLE pass=6 sample=45 mono_ms=8086150 pss_kb=1101922 rss_kb=1127240
PSS_SAMPLE pass=6 sample=46 mono_ms=8086400 pss_kb=1102034 rss_kb=1127264
PSS_SAMPLE pass=6 sample=47 mono_ms=8086650 pss_kb=1102014 rss_kb=1127264
PSS_SAMPLE pass=6 sample=48 mono_ms=8086890 pss_kb=1102038 rss_kb=1127392
PSS_SAMPLE pass=6 sample=49 mono_ms=8087150 pss_kb=1102014 rss_kb=1127392
PSS_SAMPLE pass=6 sample=50 mono_ms=8087390 pss_kb=1102094 rss_kb=1127376
PSS_SAMPLE pass=6 sample=51 mono_ms=8087650 pss_kb=1102098 rss_kb=1127376
PSS_SAMPLE pass=6 sample=52 mono_ms=8087890 pss_kb=1102074 rss_kb=1127376
PSS_SAMPLE pass=6 sample=53 mono_ms=8088150 pss_kb=1102098 rss_kb=1127376
PSS_SAMPLE pass=6 sample=54 mono_ms=8088390 pss_kb=1102074 rss_kb=1127376
PSS_SAMPLE pass=6 sample=55 mono_ms=8088640 pss_kb=1102326 rss_kb=1127572
PSS_SAMPLE pass=6 sample=56 mono_ms=8088890 pss_kb=1102302 rss_kb=1127572
PSS_SAMPLE pass=6 sample=57 mono_ms=8089140 pss_kb=1102326 rss_kb=1127572
PSS_SAMPLE pass=6 sample=58 mono_ms=8089390 pss_kb=1102302 rss_kb=1127684
PSS_SAMPLE pass=6 sample=59 mono_ms=8089640 pss_kb=1102326 rss_kb=1127684
PSS_SAMPLE pass=6 sample=60 mono_ms=8089890 pss_kb=1102350 rss_kb=1127684
PSS_SAMPLE pass=6 sample=61 mono_ms=8090130 pss_kb=1102326 rss_kb=1127684
PSS_SAMPLE pass=6 sample=62 mono_ms=8090400 pss_kb=1102350 rss_kb=1127684
PSS_SAMPLE pass=6 sample=63 mono_ms=8090640 pss_kb=1102566 rss_kb=1127864
PSS_SAMPLE pass=6 sample=64 mono_ms=8090900 pss_kb=1102378 rss_kb=1127776
PSS_SAMPLE pass=6 sample=65 mono_ms=8091130 pss_kb=1102354 rss_kb=1127776
PSS_SAMPLE pass=6 sample=66 mono_ms=8091390 pss_kb=1103438 rss_kb=1128728
PSS_SAMPLE pass=6 sample=67 mono_ms=8091660 pss_kb=1103326 rss_kb=1128608
PSS_SAMPLE pass=6 sample=68 mono_ms=8091890 pss_kb=1103042 rss_kb=1128368
PSS_SAMPLE pass=6 sample=69 mono_ms=8092150 pss_kb=1103066 rss_kb=1128368
PSS_SAMPLE pass=6 sample=70 mono_ms=8092390 pss_kb=1103042 rss_kb=1128368
PSS_SAMPLE pass=6 sample=71 mono_ms=8092640 pss_kb=1103386 rss_kb=1128640
PSS_SAMPLE pass=6 sample=72 mono_ms=8092900 pss_kb=1103178 rss_kb=1128500
PSS_SAMPLE pass=6 sample=73 mono_ms=8093140 pss_kb=1103178 rss_kb=1128500
PSS_SAMPLE pass=6 sample=74 mono_ms=8093390 pss_kb=1103154 rss_kb=1128500
PSS_SAMPLE pass=6 sample=75 mono_ms=8093650 pss_kb=1103550 rss_kb=1128840
PSS_SAMPLE pass=6 sample=76 mono_ms=8093890 pss_kb=1103154 rss_kb=1128628
PSS_SAMPLE pass=6 sample=77 mono_ms=8094130 pss_kb=1103154 rss_kb=1128628
PSS_SAMPLE pass=6 sample=78 mono_ms=8094390 pss_kb=1103178 rss_kb=1128628
PSS_SAMPLE pass=6 sample=79 mono_ms=8094630 pss_kb=1103154 rss_kb=1128628
PSS_SAMPLE pass=6 sample=80 mono_ms=8094890 pss_kb=1103210 rss_kb=1128732
PSS_SAMPLE pass=6 sample=81 mono_ms=8095140 pss_kb=1103186 rss_kb=1128732
PSS_SAMPLE pass=6 sample=82 mono_ms=8095390 pss_kb=1103186 rss_kb=1128732
PSS_SAMPLE pass=6 sample=83 mono_ms=8095640 pss_kb=1103662 rss_kb=1129148
PSS_SAMPLE pass=6 sample=84 mono_ms=8095910 pss_kb=1103290 rss_kb=1128648
PSS_SAMPLE pass=6 sample=85 mono_ms=8096150 pss_kb=1103290 rss_kb=1128648
PSS_SAMPLE pass=6 sample=86 mono_ms=8096390 pss_kb=1103266 rss_kb=1128648
PSS_SAMPLE pass=6 sample=87 mono_ms=8096640 pss_kb=1103290 rss_kb=1128648
PSS_SAMPLE pass=6 sample=88 mono_ms=8096900 pss_kb=1103822 rss_kb=1129176
PSS_SAMPLE pass=6 sample=89 mono_ms=8097150 pss_kb=1103290 rss_kb=1128672
PSS_SAMPLE pass=6 sample=90 mono_ms=8097390 pss_kb=1103266 rss_kb=1128672
PSS_SAMPLE pass=6 sample=91 mono_ms=8097640 pss_kb=1103266 rss_kb=1128672
PSS_SAMPLE pass=6 sample=92 mono_ms=8097900 pss_kb=1103870 rss_kb=1129172
PSS_SAMPLE pass=6 sample=93 mono_ms=8098140 pss_kb=1104746 rss_kb=1130056
PSS_SAMPLE pass=6 sample=94 mono_ms=8098390 pss_kb=1104746 rss_kb=1130056
PSS_SAMPLE pass=6 sample=95 mono_ms=8098640 pss_kb=64770 rss_kb=430064
PSS_SAMPLING_END pass=6 interval_ms=250 samples=96 duration_ms=23760
RUNTIME_COEXIST status=loaded path=/data/local/tmp/dictai-meeting-t8/20260924T203307Z-34202/existing-runtime/libggml-base.so
RUNTIME_COEXIST status=loaded path=/data/local/tmp/dictai-meeting-t8/20260924T203307Z-34202/existing-runtime/libggml-cpu.so
RUNTIME_COEXIST status=loaded path=/data/local/tmp/dictai-meeting-t8/20260924T203307Z-34202/existing-runtime/libggml.so
onnxruntime cpuid_info warning: Unknown CPU vendor. cpuinfo_vendor value: 0
RUNTIME_COEXIST status=loaded path=/data/local/tmp/dictai-meeting-t8/20260924T203307Z-34202/existing-runtime/libonnxruntime.so
RUNTIME_COEXIST status=loaded path=/data/local/tmp/dictai-meeting-t8/20260924T203307Z-34202/existing-runtime/libsherpa-onnx-c-api.so
RUNTIME_COEXIST status=loaded path=/data/local/tmp/dictai-meeting-t8/20260924T203307Z-34202/existing-runtime/libsherpa-onnx-cxx-api.so
RUNTIME_COEXIST status=loaded path=/data/local/tmp/dictai-meeting-t8/20260924T203307Z-34202/existing-runtime/libsherpa-onnx-jni.so
RUNTIME_COEXIST status=loaded path=/data/local/tmp/dictai-meeting-t8/20260924T203307Z-34202/existing-runtime/libtranscribe.so
RUNTIME_COEXIST status=loaded path=/data/local/tmp/dictai-meeting-t8/20260924T203307Z-34202/existing-runtime/libtranscribe_jni.so
RUNTIME_COEXIST_SUMMARY libraries=9 status=ok
AUDIO sample_rate=16000 channels=1 samples=204484 duration_ms=12780
PROCESS_MEMORY stage=audio-loaded rss_kb=48284 peak_rss_kb=48580
BENCH_CONFIG pass=6 variant=both language=fr gpu=-1 log_status=0 punctuation=1 max_speakers=8 interim=1 endpoint=1 token_silence_ms=800 force_endpoint_ms=30000 cadence=realtime chunk_ms=160
BENCH_MODEL_LOAD pass=6 variant=both elapsed_ms=135
BENCH_WARMUP pass=6 variant=both elapsed_ms=10012 speakers=8
BENCH_TIMING_CHECK pass=6 origin=audio_capture_origin status=ok first_due_us=160000 expected_first_due_us=160000 last_due_us=12780250 expected_last_due_us=12780250
BENCH_PASS_BEGIN pass=6 variant=both stream_clock=audio_capture_origin total_ms=12780
RESULT pass=6 phase=interim revision=1 utterance_id=1 mono_ms=1022 stable_speaker_ms=0 word_count=0
RESULT pass=6 phase=interim revision=2 utterance_id=1 mono_ms=1230 stable_speaker_ms=0 word_count=0
RESULT pass=6 phase=interim revision=3 utterance_id=1 mono_ms=1431 stable_speaker_ms=1039 word_count=0
RESULT pass=6 phase=interim revision=4 utterance_id=1 mono_ms=1489 stable_speaker_ms=1039 word_count=1
WORD pass=6 revision=4 utterance_id=1 word_index=0 start_ms=640 end_ms=800 speaker_tag=1 word="Bonjour,"
RESULT pass=6 phase=interim revision=5 utterance_id=1 mono_ms=1657 stable_speaker_ms=1039 word_count=1
WORD pass=6 revision=5 utterance_id=1 word_index=0 start_ms=640 end_ms=800 speaker_tag=1 word="Bonjour,"
RESULT pass=6 phase=interim revision=6 utterance_id=1 mono_ms=1861 stable_speaker_ms=1039 word_count=3
WORD pass=6 revision=6 utterance_id=1 word_index=0 start_ms=640 end_ms=800 speaker_tag=1 word="Bonjour,"
WORD pass=6 revision=6 utterance_id=1 word_index=1 start_ms=1120 end_ms=1440 speaker_tag=1 word="ouvrons"
WORD pass=6 revision=6 utterance_id=1 word_index=2 start_ms=1440 end_ms=1520 speaker_tag=1 word="la"
RESULT pass=6 phase=interim revision=7 utterance_id=1 mono_ms=1969 stable_speaker_ms=1039 word_count=3
WORD pass=6 revision=7 utterance_id=1 word_index=0 start_ms=640 end_ms=800 speaker_tag=1 word="Bonjour,"
WORD pass=6 revision=7 utterance_id=1 word_index=1 start_ms=1120 end_ms=1440 speaker_tag=1 word="ouvrons"
WORD pass=6 revision=7 utterance_id=1 word_index=2 start_ms=1440 end_ms=1520 speaker_tag=1 word="la"
RESULT pass=6 phase=interim revision=8 utterance_id=1 mono_ms=2147 stable_speaker_ms=1039 word_count=4
WORD pass=6 revision=8 utterance_id=1 word_index=0 start_ms=640 end_ms=800 speaker_tag=1 word="Bonjour,"
WORD pass=6 revision=8 utterance_id=1 word_index=1 start_ms=1120 end_ms=1440 speaker_tag=1 word="ouvrons"
WORD pass=6 revision=8 utterance_id=1 word_index=2 start_ms=1440 end_ms=1520 speaker_tag=1 word="la"
WORD pass=6 revision=8 utterance_id=1 word_index=3 start_ms=1520 end_ms=1760 speaker_tag=1 word="réunion"
RESULT pass=6 phase=interim revision=9 utterance_id=1 mono_ms=2386 stable_speaker_ms=2079 word_count=5
WORD pass=6 revision=9 utterance_id=1 word_index=0 start_ms=640 end_ms=800 speaker_tag=1 word="Bonjour,"
WORD pass=6 revision=9 utterance_id=1 word_index=1 start_ms=1120 end_ms=1440 speaker_tag=1 word="ouvrons"
WORD pass=6 revision=9 utterance_id=1 word_index=2 start_ms=1440 end_ms=1520 speaker_tag=1 word="la"
WORD pass=6 revision=9 utterance_id=1 word_index=3 start_ms=1520 end_ms=1760 speaker_tag=1 word="réunion"
WORD pass=6 revision=9 utterance_id=1 word_index=4 start_ms=1840 end_ms=1920 speaker_tag=1 word="de"
RESULT pass=6 phase=interim revision=10 utterance_id=1 mono_ms=2442 stable_speaker_ms=2079 word_count=6
WORD pass=6 revision=10 utterance_id=1 word_index=0 start_ms=640 end_ms=800 speaker_tag=1 word="Bonjour,"
WORD pass=6 revision=10 utterance_id=1 word_index=1 start_ms=1120 end_ms=1440 speaker_tag=1 word="ouvrons"
WORD pass=6 revision=10 utterance_id=1 word_index=2 start_ms=1440 end_ms=1520 speaker_tag=1 word="la"
WORD pass=6 revision=10 utterance_id=1 word_index=3 start_ms=1520 end_ms=1760 speaker_tag=1 word="réunion"
WORD pass=6 revision=10 utterance_id=1 word_index=4 start_ms=1840 end_ms=1920 speaker_tag=1 word="de"
WORD pass=6 revision=10 utterance_id=1 word_index=5 start_ms=2000 end_ms=2080 speaker_tag=1 word="la"
RESULT pass=6 phase=interim revision=11 utterance_id=1 mono_ms=2653 stable_speaker_ms=2079 word_count=6
WORD pass=6 revision=11 utterance_id=1 word_index=0 start_ms=640 end_ms=800 speaker_tag=1 word="Bonjour,"
WORD pass=6 revision=11 utterance_id=1 word_index=1 start_ms=1120 end_ms=1440 speaker_tag=1 word="ouvrons"
WORD pass=6 revision=11 utterance_id=1 word_index=2 start_ms=1440 end_ms=1520 speaker_tag=1 word="la"
WORD pass=6 revision=11 utterance_id=1 word_index=3 start_ms=1520 end_ms=1760 speaker_tag=1 word="réunion"
WORD pass=6 revision=11 utterance_id=1 word_index=4 start_ms=1840 end_ms=1920 speaker_tag=1 word="de"
WORD pass=6 revision=11 utterance_id=1 word_index=5 start_ms=2000 end_ms=2080 speaker_tag=1 word="la"
RESULT pass=6 phase=interim revision=12 utterance_id=1 mono_ms=2763 stable_speaker_ms=2079 word_count=6
WORD pass=6 revision=12 utterance_id=1 word_index=0 start_ms=640 end_ms=800 speaker_tag=1 word="Bonjour,"
WORD pass=6 revision=12 utterance_id=1 word_index=1 start_ms=1120 end_ms=1440 speaker_tag=1 word="ouvrons"
WORD pass=6 revision=12 utterance_id=1 word_index=2 start_ms=1440 end_ms=1520 speaker_tag=1 word="la"
WORD pass=6 revision=12 utterance_id=1 word_index=3 start_ms=1520 end_ms=1760 speaker_tag=1 word="réunion"
WORD pass=6 revision=12 utterance_id=1 word_index=4 start_ms=1840 end_ms=1920 speaker_tag=1 word="de"
WORD pass=6 revision=12 utterance_id=1 word_index=5 start_ms=2000 end_ms=2080 speaker_tag=1 word="la"
RESULT pass=6 phase=interim revision=13 utterance_id=1 mono_ms=2931 stable_speaker_ms=2079 word_count=6
WORD pass=6 revision=13 utterance_id=1 word_index=0 start_ms=640 end_ms=800 speaker_tag=1 word="Bonjour,"
WORD pass=6 revision=13 utterance_id=1 word_index=1 start_ms=1120 end_ms=1440 speaker_tag=1 word="ouvrons"
WORD pass=6 revision=13 utterance_id=1 word_index=2 start_ms=1440 end_ms=1520 speaker_tag=1 word="la"
WORD pass=6 revision=13 utterance_id=1 word_index=3 start_ms=1520 end_ms=1760 speaker_tag=1 word="réunion"
WORD pass=6 revision=13 utterance_id=1 word_index=4 start_ms=1840 end_ms=1920 speaker_tag=1 word="de"
WORD pass=6 revision=13 utterance_id=1 word_index=5 start_ms=2000 end_ms=2080 speaker_tag=1 word="la"
RESULT pass=6 phase=interim revision=14 utterance_id=1 mono_ms=3133 stable_speaker_ms=2079 word_count=6
WORD pass=6 revision=14 utterance_id=1 word_index=0 start_ms=640 end_ms=800 speaker_tag=1 word="Bonjour,"
WORD pass=6 revision=14 utterance_id=1 word_index=1 start_ms=1120 end_ms=1440 speaker_tag=1 word="ouvrons"
WORD pass=6 revision=14 utterance_id=1 word_index=2 start_ms=1440 end_ms=1520 speaker_tag=1 word="la"
WORD pass=6 revision=14 utterance_id=1 word_index=3 start_ms=1520 end_ms=1760 speaker_tag=1 word="réunion"
WORD pass=6 revision=14 utterance_id=1 word_index=4 start_ms=1840 end_ms=1920 speaker_tag=1 word="de"
WORD pass=6 revision=14 utterance_id=1 word_index=5 start_ms=2000 end_ms=2080 speaker_tag=1 word="la"
RESULT pass=6 phase=interim revision=15 utterance_id=1 mono_ms=3246 stable_speaker_ms=2079 word_count=6
WORD pass=6 revision=15 utterance_id=1 word_index=0 start_ms=640 end_ms=800 speaker_tag=1 word="Bonjour,"
WORD pass=6 revision=15 utterance_id=1 word_index=1 start_ms=1120 end_ms=1440 speaker_tag=1 word="ouvrons"
WORD pass=6 revision=15 utterance_id=1 word_index=2 start_ms=1440 end_ms=1520 speaker_tag=1 word="la"
WORD pass=6 revision=15 utterance_id=1 word_index=3 start_ms=1520 end_ms=1760 speaker_tag=1 word="réunion"
WORD pass=6 revision=15 utterance_id=1 word_index=4 start_ms=1840 end_ms=1920 speaker_tag=1 word="de"
WORD pass=6 revision=15 utterance_id=1 word_index=5 start_ms=2000 end_ms=2080 speaker_tag=1 word="la"
RESULT pass=6 phase=final_initial revision=16 utterance_id=1 mono_ms=3485 stable_speaker_ms=3119 word_count=7
WORD pass=6 revision=16 utterance_id=1 word_index=0 start_ms=640 end_ms=800 speaker_tag=1 word="Bonjour,"
WORD pass=6 revision=16 utterance_id=1 word_index=1 start_ms=1120 end_ms=1440 speaker_tag=1 word="ouvrons"
WORD pass=6 revision=16 utterance_id=1 word_index=2 start_ms=1440 end_ms=1520 speaker_tag=1 word="la"
WORD pass=6 revision=16 utterance_id=1 word_index=3 start_ms=1520 end_ms=1760 speaker_tag=1 word="réunion"
WORD pass=6 revision=16 utterance_id=1 word_index=4 start_ms=1840 end_ms=1920 speaker_tag=1 word="de"
WORD pass=6 revision=16 utterance_id=1 word_index=5 start_ms=2000 end_ms=2080 speaker_tag=1 word="la"
WORD pass=6 revision=16 utterance_id=1 word_index=6 start_ms=2160 end_ms=2320 speaker_tag=1 word="semaine"
RESULT pass=6 phase=final_refresh revision=17 utterance_id=1 mono_ms=3485 stable_speaker_ms=3119 word_count=7
WORD pass=6 revision=17 utterance_id=1 word_index=0 start_ms=640 end_ms=800 speaker_tag=1 word="Bonjour,"
WORD pass=6 revision=17 utterance_id=1 word_index=1 start_ms=1120 end_ms=1440 speaker_tag=1 word="ouvrons"
WORD pass=6 revision=17 utterance_id=1 word_index=2 start_ms=1440 end_ms=1520 speaker_tag=1 word="la"
WORD pass=6 revision=17 utterance_id=1 word_index=3 start_ms=1520 end_ms=1760 speaker_tag=1 word="réunion"
WORD pass=6 revision=17 utterance_id=1 word_index=4 start_ms=1840 end_ms=1920 speaker_tag=1 word="de"
WORD pass=6 revision=17 utterance_id=1 word_index=5 start_ms=2000 end_ms=2080 speaker_tag=1 word="la"
WORD pass=6 revision=17 utterance_id=1 word_index=6 start_ms=2160 end_ms=2320 speaker_tag=1 word="semaine"
RESULT pass=6 phase=interim revision=1 utterance_id=2 mono_ms=3733 stable_speaker_ms=3119 word_count=0
RESULT pass=6 phase=interim revision=2 utterance_id=2 mono_ms=3886 stable_speaker_ms=3119 word_count=1
WORD pass=6 revision=2 utterance_id=2 word_index=0 start_ms=3360 end_ms=3440 speaker_tag=2 word="je"
RESULT pass=6 phase=interim revision=3 utterance_id=2 mono_ms=4097 stable_speaker_ms=3119 word_count=1
WORD pass=6 revision=3 utterance_id=2 word_index=0 start_ms=3360 end_ms=3440 speaker_tag=2 word="je"
RESULT pass=6 phase=interim revision=4 utterance_id=2 mono_ms=4203 stable_speaker_ms=3119 word_count=1
WORD pass=6 revision=4 utterance_id=2 word_index=0 start_ms=3360 end_ms=3440 speaker_tag=2 word="je"
RESULT pass=6 phase=interim revision=5 utterance_id=2 mono_ms=4508 stable_speaker_ms=4159 word_count=2
WORD pass=6 revision=5 utterance_id=2 word_index=0 start_ms=3360 end_ms=3440 speaker_tag=2 word="je"
WORD pass=6 revision=5 utterance_id=2 word_index=1 start_ms=3600 end_ms=3840 speaker_tag=2 word="propose"
RESULT pass=6 phase=interim revision=6 utterance_id=2 mono_ms=4573 stable_speaker_ms=4159 word_count=2
WORD pass=6 revision=6 utterance_id=2 word_index=0 start_ms=3360 end_ms=3440 speaker_tag=2 word="je"
WORD pass=6 revision=6 utterance_id=2 word_index=1 start_ms=3600 end_ms=3840 speaker_tag=2 word="propose"
RESULT pass=6 phase=interim revision=7 utterance_id=2 mono_ms=4699 stable_speaker_ms=4159 word_count=3
WORD pass=6 revision=7 utterance_id=2 word_index=0 start_ms=3360 end_ms=3440 speaker_tag=2 word="je"
WORD pass=6 revision=7 utterance_id=2 word_index=1 start_ms=3600 end_ms=3840 speaker_tag=2 word="propose"
WORD pass=6 revision=7 utterance_id=2 word_index=2 start_ms=4000 end_ms=4160 speaker_tag=2 word="jeudi"
RESULT pass=6 phase=interim revision=8 utterance_id=2 mono_ms=4887 stable_speaker_ms=4159 word_count=3
WORD pass=6 revision=8 utterance_id=2 word_index=0 start_ms=3360 end_ms=3440 speaker_tag=2 word="je"
WORD pass=6 revision=8 utterance_id=2 word_index=1 start_ms=3600 end_ms=3840 speaker_tag=2 word="propose"
WORD pass=6 revision=8 utterance_id=2 word_index=2 start_ms=4000 end_ms=4160 speaker_tag=2 word="jeudi"
RESULT pass=6 phase=interim revision=9 utterance_id=2 mono_ms=5016 stable_speaker_ms=4159 word_count=4
WORD pass=6 revision=9 utterance_id=2 word_index=0 start_ms=3360 end_ms=3440 speaker_tag=2 word="je"
WORD pass=6 revision=9 utterance_id=2 word_index=1 start_ms=3600 end_ms=3840 speaker_tag=2 word="propose"
WORD pass=6 revision=9 utterance_id=2 word_index=2 start_ms=4000 end_ms=4160 speaker_tag=2 word="jeudi"
WORD pass=6 revision=9 utterance_id=2 word_index=3 start_ms=4400 end_ms=4560 speaker_tag=2 word="matin"
RESULT pass=6 phase=interim revision=10 utterance_id=2 mono_ms=5167 stable_speaker_ms=4159 word_count=5
WORD pass=6 revision=10 utterance_id=2 word_index=0 start_ms=3360 end_ms=3440 speaker_tag=2 word="je"
WORD pass=6 revision=10 utterance_id=2 word_index=1 start_ms=3600 end_ms=3840 speaker_tag=2 word="propose"
WORD pass=6 revision=10 utterance_id=2 word_index=2 start_ms=4000 end_ms=4160 speaker_tag=2 word="jeudi"
WORD pass=6 revision=10 utterance_id=2 word_index=3 start_ms=4400 end_ms=4560 speaker_tag=2 word="matin"
WORD pass=6 revision=10 utterance_id=2 word_index=4 start_ms=4720 end_ms=4800 speaker_tag=2 word="pour"
RESULT pass=6 phase=interim revision=11 utterance_id=2 mono_ms=5381 stable_speaker_ms=4159 word_count=6
WORD pass=6 revision=11 utterance_id=2 word_index=0 start_ms=3360 end_ms=3440 speaker_tag=2 word="je"
WORD pass=6 revision=11 utterance_id=2 word_index=1 start_ms=3600 end_ms=3840 speaker_tag=2 word="propose"
WORD pass=6 revision=11 utterance_id=2 word_index=2 start_ms=4000 end_ms=4160 speaker_tag=2 word="jeudi"
WORD pass=6 revision=11 utterance_id=2 word_index=3 start_ms=4400 end_ms=4560 speaker_tag=2 word="matin"
WORD pass=6 revision=11 utterance_id=2 word_index=4 start_ms=4720 end_ms=4800 speaker_tag=2 word="pour"
WORD pass=6 revision=11 utterance_id=2 word_index=5 start_ms=4800 end_ms=4880 speaker_tag=2 word="le"
RESULT pass=6 phase=interim revision=12 utterance_id=2 mono_ms=5784 stable_speaker_ms=5199 word_count=6
WORD pass=6 revision=12 utterance_id=2 word_index=0 start_ms=3360 end_ms=3440 speaker_tag=2 word="je"
WORD pass=6 revision=12 utterance_id=2 word_index=1 start_ms=3600 end_ms=3840 speaker_tag=2 word="propose"
WORD pass=6 revision=12 utterance_id=2 word_index=2 start_ms=4000 end_ms=4160 speaker_tag=2 word="jeudi"
WORD pass=6 revision=12 utterance_id=2 word_index=3 start_ms=4400 end_ms=4560 speaker_tag=2 word="matin"
WORD pass=6 revision=12 utterance_id=2 word_index=4 start_ms=4720 end_ms=4800 speaker_tag=2 word="pour"
WORD pass=6 revision=12 utterance_id=2 word_index=5 start_ms=4800 end_ms=4880 speaker_tag=2 word="le"
RESULT pass=6 phase=interim revision=13 utterance_id=2 mono_ms=5865 stable_speaker_ms=5199 word_count=6
WORD pass=6 revision=13 utterance_id=2 word_index=0 start_ms=3360 end_ms=3440 speaker_tag=2 word="je"
WORD pass=6 revision=13 utterance_id=2 word_index=1 start_ms=3600 end_ms=3840 speaker_tag=2 word="propose"
WORD pass=6 revision=13 utterance_id=2 word_index=2 start_ms=4000 end_ms=4160 speaker_tag=2 word="jeudi"
WORD pass=6 revision=13 utterance_id=2 word_index=3 start_ms=4400 end_ms=4560 speaker_tag=2 word="matin"
WORD pass=6 revision=13 utterance_id=2 word_index=4 start_ms=4720 end_ms=4800 speaker_tag=2 word="pour"
WORD pass=6 revision=13 utterance_id=2 word_index=5 start_ms=4800 end_ms=4880 speaker_tag=2 word="le"
RESULT pass=6 phase=interim revision=14 utterance_id=2 mono_ms=5906 stable_speaker_ms=5199 word_count=6
WORD pass=6 revision=14 utterance_id=2 word_index=0 start_ms=3360 end_ms=3440 speaker_tag=2 word="je"
WORD pass=6 revision=14 utterance_id=2 word_index=1 start_ms=3600 end_ms=3840 speaker_tag=2 word="propose"
WORD pass=6 revision=14 utterance_id=2 word_index=2 start_ms=4000 end_ms=4160 speaker_tag=2 word="jeudi"
WORD pass=6 revision=14 utterance_id=2 word_index=3 start_ms=4400 end_ms=4560 speaker_tag=2 word="matin"
WORD pass=6 revision=14 utterance_id=2 word_index=4 start_ms=4720 end_ms=4800 speaker_tag=2 word="pour"
WORD pass=6 revision=14 utterance_id=2 word_index=5 start_ms=4800 end_ms=4880 speaker_tag=2 word="le"
RESULT pass=6 phase=interim revision=15 utterance_id=2 mono_ms=5960 stable_speaker_ms=5199 word_count=6
WORD pass=6 revision=15 utterance_id=2 word_index=0 start_ms=3360 end_ms=3440 speaker_tag=2 word="je"
WORD pass=6 revision=15 utterance_id=2 word_index=1 start_ms=3600 end_ms=3840 speaker_tag=2 word="propose"
WORD pass=6 revision=15 utterance_id=2 word_index=2 start_ms=4000 end_ms=4160 speaker_tag=2 word="jeudi"
WORD pass=6 revision=15 utterance_id=2 word_index=3 start_ms=4400 end_ms=4560 speaker_tag=2 word="matin"
WORD pass=6 revision=15 utterance_id=2 word_index=4 start_ms=4720 end_ms=4800 speaker_tag=2 word="pour"
WORD pass=6 revision=15 utterance_id=2 word_index=5 start_ms=4800 end_ms=4880 speaker_tag=2 word="le"
RESULT pass=6 phase=interim revision=16 utterance_id=2 mono_ms=6158 stable_speaker_ms=5199 word_count=6
WORD pass=6 revision=16 utterance_id=2 word_index=0 start_ms=3360 end_ms=3440 speaker_tag=2 word="je"
WORD pass=6 revision=16 utterance_id=2 word_index=1 start_ms=3600 end_ms=3840 speaker_tag=2 word="propose"
WORD pass=6 revision=16 utterance_id=2 word_index=2 start_ms=4000 end_ms=4160 speaker_tag=2 word="jeudi"
WORD pass=6 revision=16 utterance_id=2 word_index=3 start_ms=4400 end_ms=4560 speaker_tag=2 word="matin"
WORD pass=6 revision=16 utterance_id=2 word_index=4 start_ms=4720 end_ms=4800 speaker_tag=2 word="pour"
WORD pass=6 revision=16 utterance_id=2 word_index=5 start_ms=4800 end_ms=4880 speaker_tag=2 word="le"
RESULT pass=6 phase=final_initial revision=17 utterance_id=2 mono_ms=6458 stable_speaker_ms=5199 word_count=7
WORD pass=6 revision=17 utterance_id=2 word_index=0 start_ms=3360 end_ms=3440 speaker_tag=2 word="je"
WORD pass=6 revision=17 utterance_id=2 word_index=1 start_ms=3600 end_ms=3840 speaker_tag=2 word="propose"
WORD pass=6 revision=17 utterance_id=2 word_index=2 start_ms=4000 end_ms=4160 speaker_tag=2 word="jeudi"
WORD pass=6 revision=17 utterance_id=2 word_index=3 start_ms=4400 end_ms=4560 speaker_tag=2 word="matin"
WORD pass=6 revision=17 utterance_id=2 word_index=4 start_ms=4720 end_ms=4800 speaker_tag=2 word="pour"
WORD pass=6 revision=17 utterance_id=2 word_index=5 start_ms=4800 end_ms=4880 speaker_tag=2 word="le"
WORD pass=6 revision=17 utterance_id=2 word_index=6 start_ms=5040 end_ms=5200 speaker_tag=2 word="suivi"
RESULT pass=6 phase=final_refresh revision=18 utterance_id=2 mono_ms=6458 stable_speaker_ms=5199 word_count=7
WORD pass=6 revision=18 utterance_id=2 word_index=0 start_ms=3360 end_ms=3440 speaker_tag=2 word="je"
WORD pass=6 revision=18 utterance_id=2 word_index=1 start_ms=3600 end_ms=3840 speaker_tag=2 word="propose"
WORD pass=6 revision=18 utterance_id=2 word_index=2 start_ms=4000 end_ms=4160 speaker_tag=2 word="jeudi"
WORD pass=6 revision=18 utterance_id=2 word_index=3 start_ms=4400 end_ms=4560 speaker_tag=2 word="matin"
WORD pass=6 revision=18 utterance_id=2 word_index=4 start_ms=4720 end_ms=4800 speaker_tag=2 word="pour"
WORD pass=6 revision=18 utterance_id=2 word_index=5 start_ms=4800 end_ms=4880 speaker_tag=2 word="le"
WORD pass=6 revision=18 utterance_id=2 word_index=6 start_ms=5040 end_ms=5200 speaker_tag=2 word="suivi"
RESULT pass=6 phase=final_refresh revision=19 utterance_id=2 mono_ms=6701 stable_speaker_ms=6239 word_count=7
WORD pass=6 revision=19 utterance_id=2 word_index=0 start_ms=3360 end_ms=3440 speaker_tag=2 word="je"
WORD pass=6 revision=19 utterance_id=2 word_index=1 start_ms=3600 end_ms=3840 speaker_tag=2 word="propose"
WORD pass=6 revision=19 utterance_id=2 word_index=2 start_ms=4000 end_ms=4160 speaker_tag=2 word="jeudi"
WORD pass=6 revision=19 utterance_id=2 word_index=3 start_ms=4400 end_ms=4560 speaker_tag=2 word="matin"
WORD pass=6 revision=19 utterance_id=2 word_index=4 start_ms=4720 end_ms=4800 speaker_tag=2 word="pour"
WORD pass=6 revision=19 utterance_id=2 word_index=5 start_ms=4800 end_ms=4880 speaker_tag=2 word="le"
WORD pass=6 revision=19 utterance_id=2 word_index=6 start_ms=5040 end_ms=5200 speaker_tag=2 word="suivi"
RESULT pass=6 phase=interim revision=1 utterance_id=3 mono_ms=6755 stable_speaker_ms=6239 word_count=0
RESULT pass=6 phase=interim revision=2 utterance_id=3 mono_ms=6810 stable_speaker_ms=6239 word_count=0
RESULT pass=6 phase=interim revision=3 utterance_id=3 mono_ms=6922 stable_speaker_ms=6239 word_count=0
RESULT pass=6 phase=interim revision=4 utterance_id=3 mono_ms=7145 stable_speaker_ms=6239 word_count=0
RESULT pass=6 phase=interim revision=5 utterance_id=3 mono_ms=7247 stable_speaker_ms=6239 word_count=0
RESULT pass=6 phase=interim revision=6 utterance_id=3 mono_ms=7409 stable_speaker_ms=6239 word_count=1
WORD pass=6 revision=6 utterance_id=3 word_index=0 start_ms=6240 end_ms=6400 speaker_tag=3 word="d'accord,"
RESULT pass=6 phase=interim revision=7 utterance_id=3 mono_ms=7778 stable_speaker_ms=7279 word_count=2
WORD pass=6 revision=7 utterance_id=3 word_index=0 start_ms=6240 end_ms=6400 speaker_tag=3 word="d'accord,"
WORD pass=6 revision=7 utterance_id=3 word_index=1 start_ms=7040 end_ms=7120 speaker_tag=3 word="je"
RESULT pass=6 phase=interim revision=8 utterance_id=3 mono_ms=7867 stable_speaker_ms=7279 word_count=2
WORD pass=6 revision=8 utterance_id=3 word_index=0 start_ms=6240 end_ms=6400 speaker_tag=3 word="d'accord,"
WORD pass=6 revision=8 utterance_id=3 word_index=1 start_ms=7040 end_ms=7120 speaker_tag=3 word="je"
RESULT pass=6 phase=interim revision=9 utterance_id=3 mono_ms=7911 stable_speaker_ms=7279 word_count=2
WORD pass=6 revision=9 utterance_id=3 word_index=0 start_ms=6240 end_ms=6400 speaker_tag=3 word="d'accord,"
WORD pass=6 revision=9 utterance_id=3 word_index=1 start_ms=7040 end_ms=7120 speaker_tag=3 word="je"
RESULT pass=6 phase=interim revision=10 utterance_id=3 mono_ms=8092 stable_speaker_ms=7279 word_count=4
WORD pass=6 revision=10 utterance_id=3 word_index=0 start_ms=6240 end_ms=6400 speaker_tag=3 word="d'accord,"
WORD pass=6 revision=10 utterance_id=3 word_index=1 start_ms=7040 end_ms=7120 speaker_tag=3 word="je"
WORD pass=6 revision=10 utterance_id=3 word_index=2 start_ms=7200 end_ms=7520 speaker_tag=3 word="prépare"
WORD pass=6 revision=10 utterance_id=3 word_index=3 start_ms=7680 end_ms=7760 speaker_tag=3 word="la"
RESULT pass=6 phase=interim revision=11 utterance_id=3 mono_ms=8212 stable_speaker_ms=7279 word_count=4
WORD pass=6 revision=11 utterance_id=3 word_index=0 start_ms=6240 end_ms=6400 speaker_tag=3 word="d'accord,"
WORD pass=6 revision=11 utterance_id=3 word_index=1 start_ms=7040 end_ms=7120 speaker_tag=3 word="je"
WORD pass=6 revision=11 utterance_id=3 word_index=2 start_ms=7200 end_ms=7520 speaker_tag=3 word="prépare"
WORD pass=6 revision=11 utterance_id=3 word_index=3 start_ms=7680 end_ms=7760 speaker_tag=3 word="la"
RESULT pass=6 phase=interim revision=12 utterance_id=3 mono_ms=8384 stable_speaker_ms=7279 word_count=4
WORD pass=6 revision=12 utterance_id=3 word_index=0 start_ms=6240 end_ms=6400 speaker_tag=3 word="d'accord,"
WORD pass=6 revision=12 utterance_id=3 word_index=1 start_ms=7040 end_ms=7120 speaker_tag=3 word="je"
WORD pass=6 revision=12 utterance_id=3 word_index=2 start_ms=7200 end_ms=7520 speaker_tag=3 word="prépare"
WORD pass=6 revision=12 utterance_id=3 word_index=3 start_ms=7680 end_ms=7760 speaker_tag=3 word="la"
RESULT pass=6 phase=interim revision=13 utterance_id=3 mono_ms=8742 stable_speaker_ms=8319 word_count=4
WORD pass=6 revision=13 utterance_id=3 word_index=0 start_ms=6240 end_ms=6400 speaker_tag=3 word="d'accord,"
WORD pass=6 revision=13 utterance_id=3 word_index=1 start_ms=7040 end_ms=7120 speaker_tag=3 word="je"
WORD pass=6 revision=13 utterance_id=3 word_index=2 start_ms=7200 end_ms=7520 speaker_tag=3 word="prépare"
WORD pass=6 revision=13 utterance_id=3 word_index=3 start_ms=7680 end_ms=7760 speaker_tag=3 word="la"
RESULT pass=6 phase=interim revision=14 utterance_id=3 mono_ms=8817 stable_speaker_ms=8319 word_count=4
WORD pass=6 revision=14 utterance_id=3 word_index=0 start_ms=6240 end_ms=6400 speaker_tag=3 word="d'accord,"
WORD pass=6 revision=14 utterance_id=3 word_index=1 start_ms=7040 end_ms=7120 speaker_tag=3 word="je"
WORD pass=6 revision=14 utterance_id=3 word_index=2 start_ms=7200 end_ms=7520 speaker_tag=3 word="prépare"
WORD pass=6 revision=14 utterance_id=3 word_index=3 start_ms=7680 end_ms=7760 speaker_tag=3 word="la"
RESULT pass=6 phase=interim revision=15 utterance_id=3 mono_ms=8884 stable_speaker_ms=8319 word_count=4
WORD pass=6 revision=15 utterance_id=3 word_index=0 start_ms=6240 end_ms=6400 speaker_tag=3 word="d'accord,"
WORD pass=6 revision=15 utterance_id=3 word_index=1 start_ms=7040 end_ms=7120 speaker_tag=3 word="je"
WORD pass=6 revision=15 utterance_id=3 word_index=2 start_ms=7200 end_ms=7520 speaker_tag=3 word="prépare"
WORD pass=6 revision=15 utterance_id=3 word_index=3 start_ms=7680 end_ms=7760 speaker_tag=3 word="la"
RESULT pass=6 phase=interim revision=16 utterance_id=3 mono_ms=9037 stable_speaker_ms=8319 word_count=4
WORD pass=6 revision=16 utterance_id=3 word_index=0 start_ms=6240 end_ms=6400 speaker_tag=3 word="d'accord,"
WORD pass=6 revision=16 utterance_id=3 word_index=1 start_ms=7040 end_ms=7120 speaker_tag=3 word="je"
WORD pass=6 revision=16 utterance_id=3 word_index=2 start_ms=7200 end_ms=7520 speaker_tag=3 word="prépare"
WORD pass=6 revision=16 utterance_id=3 word_index=3 start_ms=7680 end_ms=7760 speaker_tag=3 word="la"
RESULT pass=6 phase=interim revision=17 utterance_id=3 mono_ms=9170 stable_speaker_ms=8319 word_count=4
WORD pass=6 revision=17 utterance_id=3 word_index=0 start_ms=6240 end_ms=6400 speaker_tag=3 word="d'accord,"
WORD pass=6 revision=17 utterance_id=3 word_index=1 start_ms=7040 end_ms=7120 speaker_tag=3 word="je"
WORD pass=6 revision=17 utterance_id=3 word_index=2 start_ms=7200 end_ms=7520 speaker_tag=3 word="prépare"
WORD pass=6 revision=17 utterance_id=3 word_index=3 start_ms=7680 end_ms=7760 speaker_tag=3 word="la"
RESULT pass=6 phase=final_initial revision=18 utterance_id=3 mono_ms=9368 stable_speaker_ms=8319 word_count=5
WORD pass=6 revision=18 utterance_id=3 word_index=0 start_ms=6240 end_ms=6400 speaker_tag=3 word="d'accord,"
WORD pass=6 revision=18 utterance_id=3 word_index=1 start_ms=7040 end_ms=7120 speaker_tag=3 word="je"
WORD pass=6 revision=18 utterance_id=3 word_index=2 start_ms=7200 end_ms=7520 speaker_tag=3 word="prépare"
WORD pass=6 revision=18 utterance_id=3 word_index=3 start_ms=7680 end_ms=7760 speaker_tag=3 word="la"
WORD pass=6 revision=18 utterance_id=3 word_index=4 start_ms=7760 end_ms=8240 speaker_tag=3 word="synthèse"
RESULT pass=6 phase=final_refresh revision=19 utterance_id=3 mono_ms=9368 stable_speaker_ms=8319 word_count=5
WORD pass=6 revision=19 utterance_id=3 word_index=0 start_ms=6240 end_ms=6400 speaker_tag=3 word="d'accord,"
WORD pass=6 revision=19 utterance_id=3 word_index=1 start_ms=7040 end_ms=7120 speaker_tag=3 word="je"
WORD pass=6 revision=19 utterance_id=3 word_index=2 start_ms=7200 end_ms=7520 speaker_tag=3 word="prépare"
WORD pass=6 revision=19 utterance_id=3 word_index=3 start_ms=7680 end_ms=7760 speaker_tag=3 word="la"
WORD pass=6 revision=19 utterance_id=3 word_index=4 start_ms=7760 end_ms=8240 speaker_tag=3 word="synthèse"
RESULT pass=6 phase=interim revision=1 utterance_id=4 mono_ms=10296 stable_speaker_ms=9359 word_count=0
RESULT pass=6 phase=interim revision=2 utterance_id=4 mono_ms=10449 stable_speaker_ms=9359 word_count=1
WORD pass=6 revision=2 utterance_id=4 word_index=0 start_ms=10000 end_ms=10080 speaker_tag=1 word="nous"
RESULT pass=6 phase=interim revision=3 utterance_id=4 mono_ms=10921 stable_speaker_ms=10399 word_count=1
WORD pass=6 revision=3 utterance_id=4 word_index=0 start_ms=10000 end_ms=10080 speaker_tag=1 word="nous"
RESULT pass=6 phase=interim revision=4 utterance_id=4 mono_ms=10964 stable_speaker_ms=10399 word_count=1
WORD pass=6 revision=4 utterance_id=4 word_index=0 start_ms=10000 end_ms=10080 speaker_tag=1 word="nous"
RESULT pass=6 phase=interim revision=5 utterance_id=4 mono_ms=11009 stable_speaker_ms=10399 word_count=2
WORD pass=6 revision=5 utterance_id=4 word_index=0 start_ms=10000 end_ms=10080 speaker_tag=1 word="nous"
WORD pass=6 revision=5 utterance_id=4 word_index=1 start_ms=10080 end_ms=10480 speaker_tag=1 word="reprenons"
RESULT pass=6 phase=interim revision=6 utterance_id=4 mono_ms=11125 stable_speaker_ms=10399 word_count=2
WORD pass=6 revision=6 utterance_id=4 word_index=0 start_ms=10000 end_ms=10080 speaker_tag=1 word="nous"
WORD pass=6 revision=6 utterance_id=4 word_index=1 start_ms=10080 end_ms=10480 speaker_tag=1 word="reprenons"
RESULT pass=6 phase=interim revision=7 utterance_id=4 mono_ms=11243 stable_speaker_ms=10399 word_count=2
WORD pass=6 revision=7 utterance_id=4 word_index=0 start_ms=10000 end_ms=10080 speaker_tag=1 word="nous"
WORD pass=6 revision=7 utterance_id=4 word_index=1 start_ms=10080 end_ms=10480 speaker_tag=1 word="reprenons"
RESULT pass=6 phase=interim revision=8 utterance_id=4 mono_ms=11437 stable_speaker_ms=10399 word_count=2
WORD pass=6 revision=8 utterance_id=4 word_index=0 start_ms=10000 end_ms=10080 speaker_tag=1 word="nous"
WORD pass=6 revision=8 utterance_id=4 word_index=1 start_ms=10080 end_ms=10480 speaker_tag=1 word="reprenons"
RESULT pass=6 phase=interim revision=9 utterance_id=4 mono_ms=11619 stable_speaker_ms=10399 word_count=2
WORD pass=6 revision=9 utterance_id=4 word_index=0 start_ms=10000 end_ms=10080 speaker_tag=1 word="nous"
WORD pass=6 revision=9 utterance_id=4 word_index=1 start_ms=10080 end_ms=10480 speaker_tag=1 word="reprenons"
RESULT pass=6 phase=final_initial revision=10 utterance_id=4 mono_ms=12022 stable_speaker_ms=11439 word_count=3
WORD pass=6 revision=10 utterance_id=4 word_index=0 start_ms=10000 end_ms=10080 speaker_tag=1 word="nous"
WORD pass=6 revision=10 utterance_id=4 word_index=1 start_ms=10080 end_ms=10480 speaker_tag=1 word="reprenons"
WORD pass=6 revision=10 utterance_id=4 word_index=2 start_ms=10560 end_ms=10720 speaker_tag=1 word="jeudi"
RESULT pass=6 phase=final_refresh revision=11 utterance_id=4 mono_ms=12022 stable_speaker_ms=11439 word_count=3
WORD pass=6 revision=11 utterance_id=4 word_index=0 start_ms=10000 end_ms=10080 speaker_tag=1 word="nous"
WORD pass=6 revision=11 utterance_id=4 word_index=1 start_ms=10080 end_ms=10480 speaker_tag=1 word="reprenons"
WORD pass=6 revision=11 utterance_id=4 word_index=2 start_ms=10560 end_ms=10720 speaker_tag=1 word="jeudi"
BENCH_FINISH_BEGIN pass=6 pushed_ms=12780 total_ms=12780
BENCH_FINISH_END pass=6 elapsed_ms=486
BENCH_PASS_SUMMARY pass=6 variant=both load_ms=135 warmup_ms=10012 wall_ms=13541 push_ms=2213 next_ms=5411 finish_ms=486 rtf=1.060 max_input_lag_ms=234 result_events=66 word_events=214 stable_sequence=1,2,3,1
BENCH_PASS_END pass=6 variant=both
HOST_PASS_END pass=6 variant=both
T8_ANALYSIS status=ok summary=/Users/ulliemaillot/.codex/worktrees/dictai-meeting-mode/phone-whisper/app/build/reports/meeting/t8/runs/20260924T203307Z-34202/benchmark.summary.json
